Exporter,Importer,Value
AFG,ARG,1.126
AFG,AUS,4.915
AFG,CHN,572.143
AFG,CZE,1.135
AFG,DNK,5.734
AFG,EST,1.443
AFG,FRA,1026.477
AFG,DEU,584.433
AFG,ISL,0.045
AFG,ITA,2.045
AFG,KGZ,3.057
AFG,MEX,0.418
AFG,PAK,140.434
AFG,IND,6.246
AFG,CHE,132.132
AFG,THA,0.497
AFG,ARE,192.337
AFG,TUR,0.274
AGO,BEL,585884.632
AGO,CAN,762.302
AGO,CHN,18077.661
AGO,CHN,15.007
AGO,HKG,68143.843
AGO,ISR,55146.708
AGO,NAM,2.743
AGO,PAN,1170.776
AGO,IND,97061.909
AGO,CHE,115558.045
AGO,THA,1900.87
AGO,ARE,1706795.385
AGO,USA,67358.13
ARG,BRA,4.292
ARG,DEU,52.9707149
ARG,HKG,2019.8
ARG,ITA,11.98599543
ARG,MEX,20.418
ARG,IND,27.742
ARG,ESP,4.272
ARG,THA,0.394
ARG,USA,907.691
ARG,URY,2.661
AUS,ARG,0.112
AUS,AUS,84407.109
AUS,AUS,64706.781
AUS,AUS,23778.186
AUS,AUT,91.068
AUS,AUT,7.9616684
AUS,BEL,26192.267
AUS,BEL,65.993
AUS,BEL,134.985
AUS,BRA,28.0502924
AUS,CAN,1492.21726
AUS,CAN,74.991
AUS,LKA,28.569
AUS,LKA,3.116
AUS,CHL,38.275
AUS,CHL,0.735
AUS,CHL,3.276
AUS,CHN,19988.593
AUS,CHN,1821.355
AUS,CHN,9949.668634
AUS,CZE,10.8941695
AUS,CZE,1.878
AUS,DNK,1284.116
AUS,DNK,47.153
AUS,DNK,4.69791392
AUS,FJI,57.341
AUS,FIN,9.814
AUS,FIN,20.592
AUS,FRA,48.429
AUS,FRA,990.185008
AUS,FRA,1606.698399
AUS,DEU,124.732
AUS,DEU,1585.88135
AUS,DEU,841.726508
AUS,HKG,25427.545
AUS,HKG,49009.9055
AUS,HKG,2031.206301
AUS,IDN,2.93177727
AUS,IDN,1.173
AUS,IDN,2.86093722
AUS,IRL,488.389
AUS,IRL,0.203
AUS,ISR,4906
AUS,ITA,44.763
AUS,ITA,1597.224422
AUS,ITA,215.4826354
AUS,JPN,8231.785
AUS,JPN,99596.06477
AUS,JPN,1723.709371
AUS,JOR,24.998
AUS,KOR,41.69658084
AUS,KOR,385.755327
AUS,KOR,6.57967265
AUS,LTU,0.021
AUS,MAC,59.017
AUS,MAC,1.504
AUS,MYS,2.284
AUS,MYS,297.66
AUS,MUS,11230.597
AUS,MEX,150.729
AUS,MEX,0.936
AUS,MNE,2.631
AUS,NLD,14.942
AUS,NLD,0.496
AUS,NCL,59.1372717
AUS,NCL,0.484
AUS,NCL,3.434
AUS,NZL,14585.8439
AUS,NZL,243.779186
AUS,NZL,2476.01248
AUS,NOR,9.405
AUS,NOR,0.39
AUS,PER,30.605
AUS,PHL,152.27
AUS,PHL,269.619291
AUS,POL,0.105
AUS,QAT,552.007
AUS,SYC,0.095
AUS,IND,48487.023
AUS,IND,0.5055
AUS,IND,627.970118
AUS,SGP,32355.5155
AUS,SGP,870.783
AUS,SGP,113.1465
AUS,VNM,0.925
AUS,ZAF,203.469
AUS,ZAF,16.79
AUS,ZAF,4.82429292
AUS,ZWE,0.257
AUS,ESP,282.852827
AUS,ESP,1.955
AUS,SWE,6.64
AUS,SWE,20.158
AUS,CHE,1220.184
AUS,CHE,925.181475
AUS,CHE,905.376885
AUS,THA,6862.154
AUS,THA,5122.08298
AUS,THA,1718.305746
AUS,ARE,35995.87997
AUS,ARE,109.9125047
AUS,TUR,3.137
AUS,UKR,40.222
AUS,UKR,2.22
AUS,GBR,268493.1014
AUS,GBR,98.19114
AUS,GBR,338.953535
AUS,USA,51144.939
AUS,USA,14426.9975
AUS,USA,31255.9065
AUT,DZA,56.091
AUT,AUS,35.4977548
AUT,ARM,79.41414821
AUT,BEL,17.386
AUT,BEL,13.044
AUT,BOL,24.418
AUT,BOL,72.917
AUT,BRA,256.8371158
AUT,CHN,12.2663554
AUT,CHN,13522.453
AUT,COL,0.222
AUT,HRV,4.531
AUT,CYP,3.18
AUT,CZE,2.057
AUT,DNK,37.21
AUT,DNK,9.31670991
AUT,EST,2.538
AUT,FIN,30.6939513
AUT,FRA,35.57905352
AUT,GEO,1.298
AUT,DEU,7.91140572
AUT,DEU,12.392
AUT,DEU,1398.642247
AUT,GRC,0.272
AUT,GRC,34.29392671
AUT,GRL,9.867
AUT,HKG,115.042
AUT,HKG,1.389
AUT,HKG,3568.04818
AUT,HUN,28.314
AUT,ISL,0.091
AUT,IDN,6.694
AUT,IRL,16.123
AUT,ISR,1220.882
AUT,ITA,76.065
AUT,ITA,320.8887034
AUT,JPN,27.668
AUT,JPN,18.817
AUT,JPN,647.7384659
AUT,KOR,930.954388
AUT,LTU,18.0549326
AUT,LUX,59.429
AUT,MDG,2.14242349
AUT,MYS,8.194
AUT,MEX,61.481
AUT,NLD,5.918
AUT,NLD,43.62
AUT,NLD,4.58743915
AUT,NZL,1.039
AUT,PER,14.0075831
AUT,POL,398.056403
AUT,PRT,77.232
AUT,ROU,1.814
AUT,RUS,4.22
AUT,SAU,25.243
AUT,SRB,19.882
AUT,IND,16422.242
AUT,SVK,7.773
AUT,SVN,72.4534643
AUT,ZAF,13.31
AUT,ESP,160.286
AUT,SWE,5.624
AUT,CHE,625.3589894
AUT,CHE,202.4457825
AUT,CHE,1033.283794
AUT,THA,254.4107078
AUT,THA,56.9755227
AUT,THA,43440.4422
AUT,ARE,413.471723
AUT,TUR,4.76975855
AUT,TUR,371.154
AUT,UKR,104.8886734
AUT,EGY,653.089
AUT,GBR,54.7295
AUT,GBR,61.4
AUT,USA,936.9628746
AUT,USA,2188.433954
BHS,CHE,335.529
BHR,BEL,970.914
BHR,HKG,18.3
BHR,QAT,0.16
BHR,IND,44.313
BHR,THA,149.778
BHR,ARE,82.7470178
BGD,IND,253.9095
ARM,BEL,30956.9475
ARM,CAN,10643.6855
ARM,CHN,60.9368849
ARM,CZE,0.07
ARM,FIN,5.436
ARM,FRA,1.653
ARM,DEU,201.239105
ARM,ISR,3463.628576
ARM,ITA,37.799
ARM,ITA,0.392
ARM,RUS,4630.80271
ARM,RUS,1568.552
ARM,IND,371.55
ARM,CHE,7819.394
ARM,ARE,1429.944969
ARM,ARE,1.115
ARM,ARE,7.84
ARM,USA,6529.2225
BRB,USA,10.995
BRB,USA,190.596
BEL,AGO,0.246
BEL,AUS,16647.76665
BEL,AUS,111.7885
BEL,AUT,7321.586
BEL,AUT,118.127
BEL,BHR,58.482
BEL,ARM,30919.413
BEL,BIH,3.735
BEL,BWA,134717.7211
BEL,BRA,3345.475
BEL,BRA,135.89
BEL,BGR,14.68909948
BEL,BLR,20732.345
BEL,KHM,14776.581
BEL,CAN,36636.9746
BEL,CAN,51.366
BEL,LKA,23441.26318
BEL,LKA,14.471
BEL,CHL,255.4645
BEL,CHN,150774.5041
BEL,CHN,33.641
BEL,COL,272.5295
BEL,HRV,163.9505
BEL,CYP,7027.638
BEL,CYP,53.367
BEL,CZE,5440.339116
BEL,DNK,8235.9985
BEL,DNK,8.009
BEL,FIN,454.2646013
BEL,FRA,222557.997
BEL,FRA,48.158
BEL,FRA,6804.109
BEL,PYF,18.4965
BEL,DEU,82724.1161
BEL,DEU,789.603
BEL,DEU,500.5828199
BEL,GRC,2836.687
BEL,GRC,59.967
BEL,HKG,2121841.156
BEL,HKG,1511.6525
BEL,HKG,2954.975
BEL,HUN,112.4313749
BEL,ISL,24.507
BEL,IDN,3.2845
BEL,IRL,3694.449
BEL,IRL,0.528
BEL,ISR,638023.5689
BEL,ITA,332406.3099
BEL,ITA,53.697
BEL,ITA,3250.694
BEL,JPN,3672.98032
BEL,JPN,6.206
BEL,JPN,3.2005
BEL,JOR,469.704
BEL,KOR,2083.862003
BEL,LAO,15181.5938
BEL,LBN,1020.614
BEL,LUX,2446.28357
BEL,LUX,43.693
BEL,LUX,58.388
BEL,MYS,376.863
BEL,MLT,865.799
BEL,MLT,0.433
BEL,MLT,344.441
BEL,MUS,92785.8111
BEL,MUS,0.061
BEL,MEX,558.1415
BEL,MEX,0.097
BEL,MAR,3.832
BEL,OMN,1.424
BEL,NAM,1723.59464
BEL,NLD,26730.27913
BEL,NLD,431.527
BEL,NLD,48.83147482
BEL,NCL,266.013
BEL,NZL,1614.2475
BEL,NZL,35.618
BEL,NOR,2090.003
BEL,NOR,21.1785
BEL,PAN,19.081
BEL,PER,98.238
BEL,POL,6744.32243
BEL,POL,24.049
BEL,PRT,4.72209386
BEL,QAT,218.982
BEL,ROU,364.032
BEL,RUS,7996.097
BEL,RUS,52.322
BEL,SRB,154.923
BEL,IND,6783569.779
BEL,IND,1127.115
BEL,SGP,31469.74908
BEL,SGP,571.147
BEL,VNM,68919.57782
BEL,VNM,1.754
BEL,SVN,778.8885
BEL,ZAF,17399.4871
BEL,ZAF,27.2874935
BEL,ZWE,30493.4805
BEL,ESP,28781.99044
BEL,ESP,2.264
BEL,ESP,1540.052
BEL,SWE,2984.927656
BEL,SWE,2776.126
BEL,CHE,533565.7475
BEL,CHE,6883.011394
BEL,THA,250036.4832
BEL,THA,188.5261632
BEL,ARE,2596276.001
BEL,ARE,4402.244
BEL,TUN,365.608
BEL,TUR,12526.89656
BEL,UKR,315.901
BEL,GBR,185554.7719
BEL,GBR,335.518123
BEL,USA,5513.393011
BEL,USA,300.5585
BOL,AUS,0.007
BOL,BRA,123.391
BOL,CHN,100.925135
BOL,FRA,1.386
BOL,DEU,1.027
BOL,HKG,1158.293
BOL,CHE,14.8029198
BOL,THA,361.057213
BOL,USA,8.762
BOL,USA,113.195
BWA,AUS,3.0815
BWA,AUS,2.8
BWA,ARM,2210.913
BWA,BEL,1465102.93
BWA,BWA,5098.414
BWA,CAN,1439.508
BWA,CHN,45556.884
BWA,CHN,72.487
BWA,FRA,1305.537
BWA,HKG,149271.2085
BWA,ISR,380053.961
BWA,JPN,9414.99271
BWA,KOR,293.732
BWA,LBN,6.521
BWA,MYS,2.145
BWA,MUS,1325.243
BWA,NAM,352196.034
BWA,NAM,0.005
BWA,PRT,2.24
BWA,RUS,2956.906
BWA,IND,611282.547
BWA,SGP,307764.156
BWA,VNM,25293.625
BWA,ZAF,261699.328
BWA,ZAF,276.60663
BWA,CHE,203132.766
BWA,SYR,0.234
BWA,THA,46246.0511
BWA,ARE,445491.3226
BWA,TUR,228.038
BWA,GBR,17172.4484
BWA,GBR,11.555
BWA,USA,180651.3321
BWA,USA,0.728
BRA,AGO,0.014
BRA,AGO,0.053
BRA,ARG,0.791
BRA,ARG,26.8245571
BRA,AUS,81.859
BRA,AUS,995.329223
BRA,AUT,0.611
BRA,AUT,189.1456519
BRA,BHR,0.211
BRA,ARM,1.206
BRA,BEL,752.4995
BRA,BEL,453.6473078
BRA,BMU,0.539
BRA,BOL,1.089
BRA,BRA,12.855
BRA,BGR,3.01774666
BRA,CAN,1201.2415
BRA,LKA,89.3756544
BRA,CHL,76.3895809
BRA,CHN,98637.93297
BRA,COL,109.0773231
BRA,CRI,4.44150808
BRA,CYP,24.6485973
BRA,CZE,578.323771
BRA,DNK,5.643
BRA,DOM,1.48
BRA,ECU,0.07451073
BRA,ECU,15.47975431
BRA,SLV,0.65839114
BRA,EST,6.269
BRA,FIN,4.587
BRA,FRA,692.553
BRA,FRA,3148.480414
BRA,PYF,1.574
BRA,DEU,11593.41033
BRA,GRC,32.98303011
BRA,HKG,19622.5705
BRA,HUN,0.88287592
BRA,ISL,1.652
BRA,IDN,0.369
BRA,IRN,64.776
BRA,IRL,0.075
BRA,ISR,1303.462215
BRA,ISR,1497
BRA,ITA,2469.491325
BRA,JAM,15.211
BRA,JPN,6034.248556
BRA,KAZ,0.696
BRA,KOR,166.2851306
BRA,KGZ,0.128
BRA,LBN,17.877
BRA,LVA,2.73108083
BRA,LUX,1.641
BRA,MAC,4.091
BRA,MYS,222.783
BRA,MLT,9.65374487
BRA,MUS,45.9147191
BRA,MEX,431.1907119
BRA,MNG,0.149
BRA,NLD,0.318
BRA,NLD,262.888607
BRA,NCL,9.061
BRA,NZL,15.866
BRA,NZL,370.035936
BRA,NOR,37.8013474
BRA,PAN,84.533
BRA,PAN,56.03
BRA,PRY,0.17311398
BRA,PER,39.15058585
BRA,PHL,133.157
BRA,POL,395.785912
BRA,PRT,27.38375458
BRA,ROU,190.4
BRA,RUS,70.3046378
BRA,SRB,7.488
BRA,IND,5754.14074
BRA,SGP,98.3085
BRA,SVK,3.593
BRA,VNM,644.75
BRA,ZAF,369.3335421
BRA,ESP,921.916334
BRA,SDN,312.871
BRA,SWE,35.1291794
BRA,CHE,770.649831
BRA,THA,12599.51295
BRA,TTO,1.142
BRA,ARE,754.715
BRA,ARE,905.4771607
BRA,TUR,154.7202934
BRA,UKR,1.5826952
BRA,GBR,1885.401231
BRA,USA,3231.23014
BRA,USA,66334.95619
BRA,URY,37.04301468
BLZ,CHN,27
BLZ,HKG,2.018
BLZ,ISR,198.66
BLZ,JPN,10.7328583
BLZ,KOR,10.476
BLZ,IND,42.198
BLZ,CHE,50.7707555
BLZ,USA,136.328
BLZ,USA,178.217
BLZ,USA,11.354
VGB,ITA,456.048
VGB,CHE,133636.086
VGB,CHE,80.862
BRN,GBR,45811.118
BGR,AUS,37.598
BGR,CYP,42.605
BGR,CYP,10.853
BGR,FRA,0.666
BGR,ITA,159.222755
BGR,ITA,89.726
BGR,NLD,1.803
BGR,NLD,0.59
BGR,SVK,0.394
BGR,CHE,249.669
BGR,CHE,170.156409
BGR,THA,2.269
MMR,BRN,1.895
MMR,CHN,109.070685
MMR,CHN,20431.467
MMR,FRA,414.823
MMR,DEU,31.892
MMR,HKG,6383.702
MMR,IDN,0.662
MMR,JPN,3807.52295
MMR,KOR,284.155406
MMR,NZL,8.184
MMR,CHE,32.114
MMR,THA,22.948
MMR,THA,1115.7
MMR,ARE,301.675
MMR,GBR,14.411
BLR,BEL,959.341
BLR,ISR,10220
BLR,RUS,2684.469
BLR,RUS,84.632
BLR,ARE,782.616
KHM,BEL,1958.90807
KHM,CHN,1259.097
KHM,CHN,137.804644
KHM,FRA,49.185
KHM,DEU,0.839
KHM,NZL,2.056
KHM,VNM,8631.852
CMR,FRA,37.266
CMR,DEU,0.9735
CMR,KOR,439.9475
CMR,PRT,12.15
CMR,CHE,122.643
CMR,THA,16.304
CMR,ARE,84.8993255
CMR,USA,99.217
CAN,AUS,1407.6515
CAN,AUS,1.377
CAN,AUT,0.951
CAN,BGD,0.031
CAN,ARM,434.470904
CAN,BEL,962330.893
CAN,BWA,625730.684
CAN,BRA,1.311
CAN,KHM,5559.488
CAN,KHM,48.543
CAN,CAN,16408.66
CAN,CAN,2.894
CAN,LKA,5.919
CAN,CHL,1.763
CAN,CHN,16190.852
CAN,CHN,2972.318
CAN,CRI,0.642
CAN,ECU,123.217
CAN,FIN,4.168
CAN,FIN,0.19
CAN,FIN,2.918
CAN,FRA,388.556
CAN,FRA,16.193
CAN,DEU,104.572
CAN,DEU,1.4295
CAN,DEU,59.4335
CAN,HKG,31078.05411
CAN,HKG,543.944
CAN,HKG,1105.3505
CAN,IDN,2.857
CAN,ISR,6180.40694
CAN,ITA,347.774
CAN,ITA,115.287
CAN,JPN,1145.4345
CAN,JPN,20.544
CAN,KWT,0.663
CAN,MYS,15.403
CAN,MLT,6.388
CAN,MUS,29752.676
CAN,MEX,5.8075
CAN,MEX,18.709
CAN,NLD,144.306673
CAN,NZL,9.961
CAN,NZL,48.707
CAN,PAK,73.135
CAN,PAK,24.205
CAN,POL,2.153
CAN,PRT,2.018
CAN,QAT,0.422
CAN,IND,246028.075
CAN,IND,18.259
CAN,SGP,7717.68
CAN,VNM,2150.38199
CAN,ZAF,32.48
CAN,ESP,3.598
CAN,SWE,0.237
CAN,CHE,46.1235
CAN,CHE,0.687
CAN,THA,4523.189
CAN,THA,1.831
CAN,THA,503.6725
CAN,ARE,78978.23
CAN,GBR,366143.914
CAN,GBR,21.0705
CAN,USA,154357.51
CAN,USA,10.5
CAN,USA,3575.227639
CYM,IND,0.178
LKA,AUS,541.696
LKA,AUT,1.051
LKA,BEL,36070.8613
LKA,BEL,3320.5
LKA,CAN,2.3645
LKA,CHN,983.508
LKA,CHN,365.428
LKA,CHN,0.689
LKA,CZE,1.259
LKA,DNK,37.888
LKA,FIN,4.602
LKA,FRA,13.8205
LKA,FRA,15677.508
LKA,DEU,3.104
LKA,DEU,2998.9796
LKA,HKG,1897.2645
LKA,HKG,158.2535
LKA,IRL,17.146
LKA,ISR,91239.67466
LKA,ITA,15114.989
LKA,KOR,239.283
LKA,LUX,6.54
LKA,NLD,147.982
LKA,NZL,276.557
LKA,NOR,2.16
LKA,POL,330.044
LKA,IND,682.772705
LKA,IND,1.775
LKA,IND,174.748
LKA,VNM,2303.8145
LKA,ZAF,2.829
LKA,ESP,1.119
LKA,SWE,7.357
LKA,CHE,6220.556
LKA,CHE,35881.237
LKA,THA,11485.57366
LKA,ARE,2618.992
LKA,TUR,6.179
LKA,GBR,1317.646
LKA,USA,386.898
CHL,CHN,52.828
CHL,FRA,0.419
CHL,DEU,2.68
CHL,HKG,65.5335
CHL,IRL,577.084
CHL,ITA,1.477
CHL,MEX,0.018
CHL,PER,0.61
CHL,ESP,4.084
CHL,USA,154.537
CHN,DZA,9.4
CHN,AGO,0.186
CHN,ATG,2.20709201
CHN,ARG,1.55355036
CHN,AUS,1862.509
CHN,AUS,621.618641
CHN,AUS,731.5362131
CHN,AUT,1294.1005
CHN,AUT,372.57
CHN,AUT,2855.71421
CHN,BHR,21.83
CHN,BGD,0.062
CHN,BGD,6.319
CHN,ARM,23.2005
CHN,ARM,1.155
CHN,ARM,2.713
CHN,BRB,0.334
CHN,BRB,0.064
CHN,BEL,415592.8561
CHN,BEL,500.142363
CHN,BEL,321.6433303
CHN,BMU,0.503
CHN,BOL,11.008
CHN,BOL,7.782
CHN,BIH,0.1
CHN,BRA,797.018
CHN,BRA,26.1939233
CHN,BRA,405.2045748
CHN,BRN,40.73
CHN,BGR,367.826
CHN,BGR,3.475
CHN,BGR,170.457481
CHN,BLR,56.54
CHN,KHM,1460.99888
CHN,KHM,31.773
CHN,CMR,1.843
CHN,CAN,347.512
CHN,CAN,1169.4145
CHN,LKA,1770.091
CHN,LKA,17.235
CHN,LKA,41.097
CHN,CHL,0.747
CHN,CHL,49.4201381
CHN,CHL,49.568
CHN,CHN,89.497
CHN,CHN,12045.03
CHN,CHN,10650.888
CHN,COL,17.12529202
CHN,COL,769.001
CHN,CRI,0.801
CHN,HRV,10.6445
CHN,HRV,10.5271923
CHN,HRV,49.612
CHN,CYP,12.641
CHN,CYP,38.1925355
CHN,CYP,38.259
CHN,CZE,392.197
CHN,CZE,82.7985699
CHN,CZE,1338.545329
CHN,DNK,128.808
CHN,DNK,309.669
CHN,DNK,140.523
CHN,ECU,0.14530636
CHN,ECU,108.219
CHN,SLV,0.551
CHN,SLV,3.89
CHN,ETH,7.598
CHN,ETH,0.626
CHN,ETH,0.498
CHN,EST,8.11954911
CHN,EST,11.106
CHN,FJI,3.913
CHN,FIN,64.438
CHN,FIN,54.1872913
CHN,FIN,70.9135781
CHN,FRA,3282.9985
CHN,FRA,590.108084
CHN,FRA,2852.319609
CHN,PYF,8.746
CHN,GEO,0.079
CHN,GEO,9.85
CHN,PSE,0.443
CHN,DEU,3299.2385
CHN,DEU,3467.3638
CHN,DEU,9888.236627
CHN,GRC,2.654
CHN,GRC,2.62891732
CHN,GRC,132.4178363
CHN,GRL,0.032
CHN,GTM,0.875
CHN,GIN,14.496
CHN,HKG,1356187.506
CHN,HKG,6879.7425
CHN,HKG,45826.64093
CHN,HUN,21.775
CHN,HUN,4.06513043
CHN,HUN,62.524
CHN,ISL,1.154
CHN,ISL,3.605
CHN,IDN,166.9255
CHN,IDN,3.704
CHN,IDN,667.5033619
CHN,IRN,0.721
CHN,IRL,23746.685
CHN,IRL,30.589
CHN,IRL,347.62184
CHN,ISR,96336.9425
CHN,ISR,414.4183005
CHN,ITA,8638.0755
CHN,ITA,6846.61467
CHN,ITA,16294.49914
CHN,CIV,0.259
CHN,JAM,0.859
CHN,JPN,12476.588
CHN,JPN,6085.70007
CHN,JPN,94942.03095
CHN,KAZ,1.674
CHN,KAZ,186.3
CHN,JOR,5.2185
CHN,JOR,10.224
CHN,KEN,0.777
CHN,KOR,19413.521
CHN,KOR,427.4824552
CHN,KOR,6941.430596
CHN,KWT,17.847
CHN,KGZ,71.412
CHN,LBN,24.138
CHN,LBN,206.164
CHN,LVA,6.71356161
CHN,LVA,32.41
CHN,LTU,16.206
CHN,LTU,12.4090662
CHN,LTU,84.39129896
CHN,LUX,423.712
CHN,LUX,7.173
CHN,MAC,4.7
CHN,MDG,6.905
CHN,MWI,0.704
CHN,MWI,0.286
CHN,MYS,357.8385
CHN,MYS,9.68919919
CHN,MYS,2196.084674
CHN,MLT,4.783
CHN,MLT,4.065
CHN,MUS,5.509
CHN,MUS,1372.835709
CHN,MEX,194.844
CHN,MEX,503.924605
CHN,MEX,1185.921106
CHN,MNG,0.123
CHN,MAR,0.878
CHN,MAR,46.56231165
CHN,MAR,176.108
CHN,NAM,32.254
CHN,NLD,4.785
CHN,NLD,20.9658674
CHN,NLD,250.9124183
CHN,NCL,10.886
CHN,NCL,13.765
CHN,NZL,11.703
CHN,NZL,184.031368
CHN,NZL,1074.194939
CHN,NIC,0.344
CHN,NIC,4.42743341
CHN,NOR,46.37
CHN,NOR,87.696
CHN,NOR,25.735
CHN,PLW,0.501
CHN,PAK,4.44
CHN,PAK,255.674
CHN,PAN,0.07
CHN,PRY,2.323
CHN,PER,44.747
CHN,PER,48.536
CHN,PER,149.4283054
CHN,PHL,0.995
CHN,PHL,43.8768356
CHN,POL,218.6875
CHN,POL,63.2606081
CHN,POL,1305.018731
CHN,PRT,79.235
CHN,PRT,70.5040408
CHN,PRT,302.823
CHN,QAT,957.327
CHN,QAT,368.28
CHN,QAT,23.099
CHN,ROU,4.915
CHN,ROU,3.575
CHN,RUS,1219.09
CHN,RUS,221.769021
CHN,RUS,1935.984263
CHN,KNA,3.16
CHN,SAU,251.048
CHN,SEN,16.254
CHN,SRB,16.197
CHN,SRB,9.107
CHN,IND,24018.206
CHN,IND,6365.07313
CHN,IND,9412.046606
CHN,SGP,197.941
CHN,SGP,94.454
CHN,SGP,462.102
CHN,SVK,28.84
CHN,SVK,12.49056565
CHN,SVK,111.2136789
CHN,VNM,27710.6385
CHN,VNM,29.04
CHN,VNM,3468.417
CHN,SVN,0.633
CHN,SVN,65.378
CHN,SVN,11.67619356
CHN,ZAF,508.652
CHN,ZAF,109.515
CHN,ZAF,161.9562622
CHN,ESP,1037.46
CHN,ESP,714.254987
CHN,ESP,2605.412418
CHN,SDN,2.257
CHN,SWE,1022.7805
CHN,SWE,18.9286547
CHN,SWE,117.862
CHN,CHE,13008.963
CHN,CHE,390.754234
CHN,CHE,6340.443633
CHN,THA,2762.8175
CHN,THA,5619.6115
CHN,THA,17533.25474
CHN,ARE,20313.883
CHN,ARE,785.091006
CHN,ARE,199.628038
CHN,TUN,77.893
CHN,TUR,3447.46
CHN,TUR,120.416343
CHN,TUR,3076.409583
CHN,UKR,1180.7395
CHN,UKR,15.5978334
CHN,UKR,98.72592702
CHN,EGY,41.544
CHN,GBR,5263.9315
CHN,GBR,1573.872002
CHN,GBR,4123.452591
CHN,TZA,1.517
CHN,USA,24380.397
CHN,USA,24728.607
CHN,USA,10141.48633
CHN,BFA,45.418
CHN,URY,9.39449474
CHN,URY,9.581
COL,AUS,524.653
COL,AUT,376.7395
COL,BEL,57.17933607
COL,BRA,93.068
COL,CAN,2.779
COL,CHN,16.27
COL,CZE,16.63
COL,ECU,19.39342217
COL,SLV,0.553
COL,FRA,35423.727
COL,DEU,5698.138781
COL,HND,0.565
COL,HKG,8244.809
COL,ITA,2489.663448
COL,JPN,10052.14609
COL,OMN,10
COL,NLD,1.398
COL,NZL,20.338
COL,PER,50.824
COL,POL,0.123
COL,IND,522.429126
COL,SGP,5579.709
COL,ESP,38.739
COL,CHE,10943.44203
COL,THA,4218.60179
COL,ARE,3279.96096
COL,GBR,29.527
COL,USA,204660.7575
COG,ARG,2.34
COG,AUS,4.788
COG,HRV,0.072
COG,FRA,49.934
COG,ITA,110.872
COG,NZL,0.038
COG,NOR,2.301
COG,POL,83.256
COG,RUS,20.454
COG,IND,3162.874
COG,IND,71.73
COG,ARE,2474.752
COG,ARE,17.944
COG,GBR,147.975
COD,AUS,7.509
COD,BRA,5.929
COD,CHN,43.009
COD,FRA,3.661
COD,DEU,13.202
COD,ITA,65.014
COD,IND,15.592
COD,ESP,58.33
COD,TUR,2.027
COK,AUS,42.819
COK,NZL,6.026
CRI,FRA,0.088
CRI,USA,94.462
HRV,BIH,23.6494596
HRV,ISR,100.375
HRV,SRB,0.767
HRV,SVK,0.491
HRV,SVN,0.223
HRV,GBR,0.062
CYP,DEU,9.02
CYP,GRC,27.243
CYP,GRC,7.48
CYP,HKG,0.854
CYP,ISR,10.513
CYP,ITA,26.245
CYP,ITA,1.055
CYP,GBR,1417.073
CZE,DZA,203.733
CZE,ARG,0.484
CZE,AUS,8.06691618
CZE,AUT,15.369
CZE,ARM,10.253
CZE,BEL,2381.751
CZE,BEL,14.425
CZE,BIH,16.376
CZE,BRA,94.795
CZE,BGR,19.005
CZE,BGR,10.68096192
CZE,BLR,13.955
CZE,CAN,11.2065
CZE,CHL,0.195
CZE,CHN,159.993
CZE,HRV,144.651
CZE,HRV,86.564
CZE,DNK,60.383
CZE,EST,83.232
CZE,FIN,0.967
CZE,FRA,153.962544
CZE,DEU,14.0707919
CZE,DEU,0.306
CZE,DEU,493.6971493
CZE,GRC,2.081
CZE,HKG,138.908
CZE,HKG,2.037
CZE,HKG,4058.77036
CZE,HUN,44.953
CZE,HUN,46.483
CZE,ISL,1.007
CZE,IDN,5.731
CZE,IRL,1.809
CZE,ISR,175.9625
CZE,ISR,6
CZE,ITA,1233.5187
CZE,ITA,1.903
CZE,ITA,784.8635292
CZE,JPN,42.0003449
CZE,KOR,958.187479
CZE,LBN,6.13
CZE,LVA,9.205
CZE,LTU,36.47
CZE,LUX,0.322
CZE,MDV,0.095
CZE,MEX,2.765
CZE,OMN,0.045
CZE,NLD,10.095
CZE,NLD,81.736
CZE,NLD,7.93926471
CZE,NZL,11.927
CZE,NOR,2.56249063
CZE,PER,0.111
CZE,PHL,1.132
CZE,POL,75.605
CZE,POL,263.607408
CZE,PRT,2.828
CZE,ROU,1.166
CZE,RUS,0.05
CZE,RUS,152.8567786
CZE,SAU,8.016
CZE,SRB,0.75
CZE,IND,14.0025
CZE,IND,43.6710077
CZE,SGP,14.2845
CZE,SVK,1475.640387
CZE,SVK,21.362
CZE,SVK,432.7615886
CZE,SVN,3.714
CZE,ZAF,4.969
CZE,ESP,4.544
CZE,SWE,7.803
CZE,CHE,0.858
CZE,CHE,67.34632284
CZE,THA,12915.73511
CZE,ARE,1126.336
CZE,ARE,29.7769871
CZE,TUR,64.3432761
CZE,GBR,9.785
CZE,GBR,60.014
CZE,USA,80.5505
CZE,USA,412.682
DNK,AUS,2.214
DNK,AUS,14.834
DNK,AUT,0.109
DNK,AUT,0.276
DNK,BEL,38.681
DNK,BEL,0.121
DNK,BGR,2.763
DNK,CAN,0.2725
DNK,LKA,9.525
DNK,CHN,5.914
DNK,CYP,14.594
DNK,CZE,1.176
DNK,CZE,0.05
DNK,EST,5.942
DNK,FRO,0.067
DNK,FRO,0.667
DNK,FIN,11.515
DNK,FIN,4.75149522
DNK,FIN,4.066
DNK,FRA,10.445
DNK,FRA,0.227
DNK,DEU,34.376
DNK,DEU,0.453
DNK,DEU,29.837
DNK,GRL,0.05550104
DNK,GRL,0.19112449
DNK,HKG,501.95
DNK,HKG,184.382
DNK,HUN,0.189
DNK,ISL,20.8114348
DNK,ISL,0.04
DNK,ISL,2.8444974
DNK,IRL,10.395
DNK,IRL,0.001
DNK,ISR,1578
DNK,ITA,240.465
DNK,ITA,0.02
DNK,JPN,5.703
DNK,JPN,2.174
DNK,KWT,6.917
DNK,LVA,0.089
DNK,MLT,0.163
DNK,NLD,7.777
DNK,NLD,12.446
DNK,NLD,2.395
DNK,NOR,23.7909033
DNK,NOR,15.86772155
DNK,NOR,30.07712185
DNK,PHL,40.172
DNK,PHL,7.6075
DNK,POL,32.651
DNK,POL,0.018
DNK,POL,1.321
DNK,IND,5.864
DNK,SGP,595.729
DNK,SVK,0.451
DNK,SVK,0.029
DNK,VNM,152.5594682
DNK,ESP,16.647
DNK,ESP,0.01
DNK,ESP,1.2188629
DNK,SWE,9.405
DNK,SWE,14.27637959
DNK,SWE,5.6492514
DNK,CHE,0.851
DNK,CHE,11.6156144
DNK,THA,116.48
DNK,THA,2.051
DNK,THA,151.031
DNK,ARE,0.313
DNK,ARE,41.003
DNK,GBR,123.365
DNK,GBR,18.257
DNK,GBR,2.79819253
DNK,USA,590.457
DNK,USA,105.371
DNK,URY,0.785
DOM,AUT,0.821
DOM,CHN,10.136
DOM,CRI,11.65
DOM,DNK,0.224
DOM,FRA,3.91695403
DOM,DEU,25.273
DOM,HKG,75.78
DOM,ITA,1.028
DOM,JPN,0.15
DOM,KOR,5.013
DOM,NLD,0.323
DOM,ABW,15.5
DOM,PHL,1.005
DOM,POL,0.648
DOM,IND,364.254
DOM,ESP,0.222
DOM,CHE,0.158
DOM,THA,641.175
DOM,TUR,2.79
DOM,USA,6.61
DOM,USA,600.523
ECU,CHN,9.70862123
ECU,IND,2881.796
ETH,AUS,0.243
ETH,AUT,0.729
ETH,BIH,0.09
ETH,CAN,0.245
ETH,LKA,0.595
ETH,CHN,401.51485
ETH,DNK,2.432
ETH,ETH,39.967
ETH,FRA,290.6579894
ETH,DEU,130.078008
ETH,HKG,76.608
ETH,IDN,0.072
ETH,ISR,7
ETH,ITA,35.751
ETH,JPN,3.202
ETH,KOR,1.148
ETH,MYS,75.822
ETH,MEX,0.3392934
ETH,NLD,1.304
ETH,SAU,6.274
ETH,IND,6376.43339
ETH,SGP,40.117
ETH,ZAF,31.007
ETH,ESP,0.12
ETH,SWZ,18.836
ETH,SWE,2.629
ETH,CHE,17.20671843
ETH,THA,39.1882796
ETH,ARE,58.608
ETH,GBR,12.922
ETH,USA,4131.514
ERI,IND,4920.412
EST,HKG,42.343
EST,HKG,1.909
EST,ITA,5.8
EST,LVA,1.011
EST,RUS,2.538
EST,IND,10.8467821
EST,CHE,34.572
EST,ARE,3.992
FJI,AUS,2.528
FJI,DEU,255.741
FJI,NZL,20.271
FJI,CHE,6.852
FIN,CHN,0.328
FIN,DNK,0.076
FIN,EST,3.713
FIN,EST,1.814
FIN,ITA,24.497
FIN,ITA,1.281
FIN,NLD,2.895
FIN,NLD,0.01
FIN,NOR,0.205
FIN,RUS,51.557
FIN,RUS,0.721
FIN,SWE,22.292
FIN,THA,24.5465
FIN,USA,19.665
FIN,USA,1.211
FRA,DZA,0.21
FRA,DZA,3.915
FRA,ARG,10.235
FRA,AUS,33.3920956
FRA,AUS,4.2355
FRA,AUT,2.79272401
FRA,AUT,69.434
FRA,BHR,0.31
FRA,BHR,24.585
FRA,ARM,26.4287791
FRA,BEL,11539.80487
FRA,BEL,26.177
FRA,BEL,102.602
FRA,BOL,34.947
FRA,BRA,13.3482769
FRA,BRA,0.002
FRA,BGR,1.9435
FRA,KHM,1.171
FRA,CAN,159.728
FRA,CAN,13.445
FRA,LKA,21.5905
FRA,LKA,118.989
FRA,CHL,4.489
FRA,CHN,3136.888
FRA,CHN,42.2441976
FRA,CHN,226.8264515
FRA,COL,82.3
FRA,CUB,5.273
FRA,CZE,237.2134098
FRA,CZE,9.91862951
FRA,DNK,1.22
FRA,ECU,11.208513
FRA,ETH,8.151
FRA,FIN,30.525
FRA,FRA,2367.848
FRA,FRA,24.495
FRA,FRA,196.728
FRA,PYF,18.356
FRA,PYF,9.224
FRA,DEU,88.9447909
FRA,DEU,54.9764356
FRA,DEU,721.7713496
FRA,GRC,100.494
FRA,GRC,78.058
FRA,GTM,0.579
FRA,HKG,115429.153
FRA,HKG,562.8485
FRA,HKG,101035.8009
FRA,HUN,235.5715
FRA,HUN,0.203
FRA,ISL,49.189
FRA,ISL,0.517
FRA,IDN,5.534
FRA,IRL,174.401
FRA,IRL,1.724
FRA,IRL,64.78
FRA,ISR,12411.75
FRA,ISR,10
FRA,ITA,44418.82157
FRA,ITA,71.1219385
FRA,ITA,30692.89742
FRA,CIV,34.044
FRA,CIV,6.073
FRA,JPN,19693.244
FRA,JPN,139.828046
FRA,JPN,195.3791421
FRA,JOR,1.901
FRA,KOR,1.69280519
FRA,KOR,45.971
FRA,KOR,600.330398
FRA,KWT,0.508
FRA,LBN,84.065
FRA,LBN,5.656
FRA,LUX,21.7085
FRA,LUX,0.006
FRA,LUX,114.0965405
FRA,MYS,6.122
FRA,MLI,0.731
FRA,MLT,0.443
FRA,MUS,8.56843527
FRA,MUS,236.996516
FRA,MUS,1131.369605
FRA,MEX,3.669
FRA,MNE,0.777
FRA,MAR,45.077
FRA,MAR,39.724
FRA,MAR,411.5135086
FRA,OMN,0.288
FRA,NLD,1857.569314
FRA,NLD,5.88869083
FRA,NLD,17.15226893
FRA,NCL,29.38
FRA,NCL,0.107
FRA,NCL,15.88
FRA,NZL,4.4525
FRA,NZL,1.327
FRA,NIC,1.56957708
FRA,NOR,14.633
FRA,NOR,0.24
FRA,PRY,0.274
FRA,PER,22.3911756
FRA,PHL,40.14
FRA,PHL,0.79360024
FRA,POL,0.671
FRA,POL,135.1073925
FRA,PRT,86.3913092
FRA,PRT,20.23
FRA,PRT,458.7245816
FRA,QAT,4.906
FRA,QAT,1.112
FRA,ROU,0.264
FRA,ROU,10.649
FRA,RUS,35.898
FRA,RUS,28.3826431
FRA,SAU,493.791
FRA,IND,2609.864629
FRA,IND,8.178
FRA,IND,661.3018707
FRA,SGP,32.467
FRA,SGP,68.543
FRA,SVK,6.632
FRA,SVK,9.672
FRA,VNM,361.0875
FRA,VNM,5.911
FRA,VNM,32.622
FRA,SVN,1.6702253
FRA,ZAF,25.6293786
FRA,ESP,1160.234255
FRA,ESP,11.487
FRA,ESP,967.3215693
FRA,SWE,14.619
FRA,CHE,226654.1559
FRA,CHE,1438.214934
FRA,CHE,126340.018
FRA,SYR,0.754
FRA,THA,1084.546746
FRA,THA,59.05270797
FRA,THA,5069.274564
FRA,ARE,36.9971093
FRA,ARE,115.707725
FRA,ARE,37.42680304
FRA,TUN,14.573
FRA,TUN,1.252
FRA,TUN,10.755
FRA,TUR,153.553
FRA,TUR,126.1581345
FRA,UKR,4.149
FRA,EGY,1323.436
FRA,GBR,62130.52585
FRA,GBR,222.2485246
FRA,GBR,45539.65123
FRA,USA,97282.68543
FRA,USA,3007.01
FRA,USA,56215.07817
FRA,URY,0.022
PYF,AUS,1400.085535
PYF,AUT,84.621
PYF,BEL,697.826
PYF,BRA,8.175
PYF,CAN,101.878
PYF,CHN,1854.299
PYF,CZE,23.385
PYF,DNK,75.6940527
PYF,FRA,980.410973
PYF,PYF,478.481
PYF,DEU,2664.372
PYF,HKG,30943.878
PYF,ITA,945.1258607
PYF,JPN,45848.33962
PYF,MUS,12.668
PYF,NCL,723.9778802
PYF,NCL,2.15950626
PYF,VUT,26.613
PYF,NZL,918.18726
PYF,NOR,19.549
PYF,POL,3.822
PYF,RUS,2.944
PYF,VNM,224.225
PYF,ZAF,2.377
PYF,ESP,61.935
PYF,CHE,219.611
PYF,THA,3266.438
PYF,ARE,44.068
PYF,GBR,123.787
PYF,USA,16596.88
DJI,CHN,7.279
DJI,IND,86.082
GEO,IND,225.385
GEO,ESP,5.7
DEU,ARG,0.6199126
DEU,ARG,2.057
DEU,AUS,28.134
DEU,AUS,11.3484155
DEU,AUS,1114.503159
DEU,AUT,1749.652535
DEU,AUT,867.07082
DEU,AUT,920.7779993
DEU,BHS,2.424
DEU,BHR,6.262
DEU,BEL,12037.55998
DEU,BEL,104.632
DEU,BEL,1214.689577
DEU,BMU,0.089
DEU,BIH,8.0814246
DEU,BIH,1.754
DEU,BRA,3.78728083
DEU,BRA,388.4715796
DEU,BGR,76.3085
DEU,BGR,4.373
DEU,BGR,46.5584804
DEU,CAN,0.8285
DEU,CAN,426.9465
DEU,LKA,3.756
DEU,LKA,133.9105562
DEU,TCD,45.587
DEU,CHL,3.4013413
DEU,CHL,17.34119664
DEU,CHN,402.139728
DEU,CHN,27.0574143
DEU,CHN,5666.007171
DEU,HRV,161.399
DEU,HRV,3.05719635
DEU,CYP,61.867
DEU,CYP,6.03761701
DEU,CYP,42.719
DEU,CZE,79.2444891
DEU,CZE,139.008423
DEU,CZE,249.0383201
DEU,DNK,1511.836
DEU,DNK,153.299
DEU,DNK,233.9115045
DEU,ECU,4.903
DEU,SLV,0.619
DEU,EST,3.633
DEU,EST,11.826
DEU,FIN,7.133
DEU,FIN,31.96068365
DEU,FIN,228.9534847
DEU,FRA,1677.597002
DEU,FRA,426.0541554
DEU,FRA,14913.59352
DEU,PYF,0.067
DEU,PSE,21.942
DEU,PSE,0.375
DEU,GRC,6.34036785
DEU,GRC,149.142713
DEU,HKG,0.654
DEU,HKG,1882.222
DEU,HKG,32968.71582
DEU,HUN,3.67251156
DEU,HUN,8.18828878
DEU,HUN,31.4226092
DEU,ISL,65.16
DEU,ISL,0.548
DEU,ISL,12.55214683
DEU,IDN,69.5973023
DEU,IDN,0.865
DEU,IRN,13.276
DEU,IRL,17.421
DEU,IRL,14.143
DEU,IRL,31.342
DEU,ISR,10450.70741
DEU,ISR,17.34
DEU,ISR,245.512
DEU,ITA,2383.42489
DEU,ITA,92.1575315
DEU,ITA,4290.833397
DEU,JPN,23.14254546
DEU,JPN,143.062639
DEU,JPN,2730.590117
DEU,KAZ,249.636
DEU,KOR,26.1452225
DEU,KOR,13.699
DEU,KOR,226.0489265
DEU,LBN,4311.897
DEU,LVA,2.85013132
DEU,LVA,0.202
DEU,LVA,6.89573453
DEU,LTU,1.597
DEU,LTU,382.5933179
DEU,LUX,91.7567588
DEU,LUX,12.189
DEU,LUX,70.10808104
DEU,MDG,99.728
DEU,MYS,26.1415
DEU,MYS,178.694876
DEU,MYS,508.481437
DEU,MLI,104.271
DEU,MLT,0.142
DEU,MLT,45.7764965
DEU,MUS,22.0925
DEU,MUS,1.353
DEU,MUS,7.374
DEU,MEX,30.0400606
DEU,MEX,2.026
DEU,MNE,0.017
DEU,MAR,3.41798503
DEU,MAR,40.372
DEU,NPL,14.241
DEU,NLD,333.80722
DEU,NLD,320.829054
DEU,NLD,619.6743328
DEU,NZL,31.351
DEU,NZL,1050.33826
DEU,NOR,633.6691323
DEU,NOR,12.1627135
DEU,NOR,202.3710849
DEU,PAK,43.715
DEU,PAN,5.582
DEU,PER,0.056
DEU,PHL,87.308
DEU,POL,138.011611
DEU,POL,188.746
DEU,POL,442.8434422
DEU,PRT,89.2712299
DEU,PRT,5.353
DEU,PRT,205.865014
DEU,QAT,0.196
DEU,QAT,2.605
DEU,ROU,4.455
DEU,ROU,11.564
DEU,RUS,18.201
DEU,RUS,9.983
DEU,RUS,330.9806366
DEU,SAU,13.903
DEU,SAU,57.074
DEU,SRB,3.58267742
DEU,SRB,7.682
DEU,IND,4367.485974
DEU,IND,29.43053264
DEU,IND,2172.458379
DEU,SGP,66.198
DEU,SGP,154.701
DEU,SVK,9.4705
DEU,SVK,0.371
DEU,SVK,121.506
DEU,SVN,84.005
DEU,SVN,8.99
DEU,SVN,55.6572053
DEU,ZAF,2.684
DEU,ZAF,4.894
DEU,ZAF,52.18374843
DEU,ESP,457.553504
DEU,ESP,215.0772188
DEU,ESP,148.4899472
DEU,SWE,87.506
DEU,SWE,2.846
DEU,SWE,231.618292
DEU,CHE,11218.7832
DEU,CHE,2533.03818
DEU,CHE,36314.15904
DEU,THA,3937.555337
DEU,THA,219.820057
DEU,THA,4471.87525
DEU,ARE,992.939541
DEU,ARE,690.8207266
DEU,TUN,0.447
DEU,TUR,9.20780141
DEU,TUR,1.975
DEU,TUR,139.358724
DEU,UKR,241.478018
DEU,UKR,9.954
DEU,UKR,6.377
DEU,MKD,0.024
DEU,GBR,13316.68285
DEU,GBR,234.2630121
DEU,GBR,1492.068985
DEU,TZA,34.882
DEU,USA,11045.56649
DEU,USA,69.147
DEU,USA,62955.5675
GHA,BEL,2152.986
GHA,CAN,55.243
GHA,CIV,0.265
GHA,MEX,16.693
GHA,POL,0.599
GHA,IND,1648.572
GHA,ZAF,0.02
GHA,THA,0.873
GHA,ARE,2584.911
GRC,BEL,227.925
GRC,BEL,52.604
GRC,BGR,0.942
GRC,CHN,3.743
GRC,CYP,42.273266
GRC,CYP,2.421
GRC,CYP,199.3809512
GRC,CZE,0.131
GRC,DNK,0.549
GRC,EST,3.992
GRC,FRA,0.20316667
GRC,DEU,0.253
GRC,DEU,2.914
GRC,ITA,0.111
GRC,ITA,0.269
GRC,ITA,1.423
GRC,NLD,0.913
GRC,NLD,3.38
GRC,NLD,0.4
GRC,POL,0.03
GRC,ROU,0.296
GRC,SRB,1.858
GRC,ESP,17.325
GRC,CHE,24.4058251
GRC,ARE,2.294
GRC,GBR,5.353
GRC,GBR,0.01
GRC,GBR,15.373
GRL,AUT,0.646
GRL,DNK,4.175
GRL,IND,65.924
GRL,THA,5.05
GTM,CHN,79.5570809
GTM,SLV,3.27371306
GTM,HKG,2.57
GTM,KOR,0.737
GTM,MAC,0.66
GTM,MEX,0.5
GIN,BEL,14800.533
GIN,CHN,10.326
GIN,CZE,134.973
GIN,MUS,0.465
GIN,CHE,0.614
GIN,THA,19.502
GIN,ARE,291.216
GIN,USA,761.49
GUY,BEL,13203.78218
GUY,ISR,2432.517
GUY,IND,1426.018
GUY,ARE,2562.874843
GUY,UKR,330.975
GUY,USA,757.18
HND,CHN,0.82
HND,DEU,23.494
HKG,DZA,18.51
HKG,AUS,24060.213
HKG,AUS,11456.42014
HKG,AUS,2921.258345
HKG,AUT,607.912
HKG,AUT,218.171209
HKG,AUT,622.754777
HKG,BHR,96.049
HKG,BHR,12.503
HKG,BGD,0.431
HKG,BGD,33.882
HKG,ARM,405.851
HKG,ARM,4.803
HKG,BEL,1477232.633
HKG,BEL,67.8889882
HKG,BEL,4.822
HKG,BWA,359.435
HKG,BRA,64.323
HKG,BRA,186.500365
HKG,BRA,804.9829184
HKG,BGR,12.352022
HKG,BGR,4.952
HKG,BLR,50.909
HKG,CAN,45.538
HKG,CAN,43.805
HKG,CAN,571.8215
HKG,LKA,777.2915
HKG,LKA,1.031
HKG,CHL,13.651497
HKG,CHL,9.968
HKG,CHN,396010.838
HKG,CHN,3780.57578
HKG,CHN,17671.91664
HKG,COL,9.123
HKG,COL,50.225
HKG,CRI,36.767
HKG,CRI,0.061
HKG,HRV,0.74042693
HKG,CYP,53.721
HKG,CYP,12.4723657
HKG,CYP,15.90107016
HKG,CZE,82.636
HKG,CZE,63.4767148
HKG,CZE,1429.393837
HKG,DNK,330.741
HKG,DNK,124.7328339
HKG,DNK,64.604
HKG,ECU,7.708
HKG,SLV,12.3704206
HKG,EST,7.62
HKG,EST,1.876
HKG,EST,17.164
HKG,FJI,42.149
HKG,FIN,21.212
HKG,FIN,6.10423084
HKG,FIN,3.83866497
HKG,FRA,10019.62
HKG,FRA,1567.942631
HKG,FRA,20888.85249
HKG,PYF,3.496
HKG,DEU,5393.937
HKG,DEU,5577.86053
HKG,DEU,36027.21332
HKG,GRC,27.3145
HKG,GRC,22.239
HKG,GRC,62.5742499
HKG,HND,71.984
HKG,HUN,9.076
HKG,HUN,187.733
HKG,ISL,0.236
HKG,ISL,3.561
HKG,IDN,0.831
HKG,IDN,3.365
HKG,IDN,61.996946
HKG,IRN,0.909
HKG,IRL,559.8905
HKG,IRL,6.80174453
HKG,IRL,11.154
HKG,ISR,125410.759
HKG,ISR,322.4815
HKG,ISR,1826.397
HKG,ITA,13762.498
HKG,ITA,4689.517527
HKG,ITA,11421.68903
HKG,JPN,56.939
HKG,JPN,57242.7724
HKG,JPN,35244.55548
HKG,KAZ,9.9305
HKG,KAZ,102.31
HKG,JOR,64.244
HKG,JOR,2.97
HKG,JOR,3.61
HKG,KOR,6512.7515
HKG,KOR,1251.73803
HKG,KOR,4131.0044
HKG,KWT,21.723
HKG,LBN,100.759
HKG,LBN,8.02
HKG,LVA,4203.068
HKG,LVA,8.31786792
HKG,LVA,41.281
HKG,LTU,0.095
HKG,LTU,0.043
HKG,LUX,4.27
HKG,LUX,11.185
HKG,MAC,20174.805
HKG,MAC,551.708
HKG,MAC,40.943
HKG,MYS,36071.359
HKG,MYS,101.0309388
HKG,MYS,266.08788
HKG,MLT,19.933
HKG,MLT,2.27
HKG,MUS,272.285
HKG,MUS,51.015
HKG,MUS,13.9063086
HKG,MEX,179.417004
HKG,MEX,57.6535541
HKG,MAR,411.3655
HKG,NAM,6.77
HKG,NLD,321.814
HKG,NLD,554.2160298
HKG,NLD,508.691
HKG,ABW,9.939
HKG,NCL,0.425
HKG,NCL,6.2
HKG,NZL,784.01
HKG,NZL,488.519634
HKG,NZL,192.1846169
HKG,NOR,41.41
HKG,NOR,14.1556224
HKG,NOR,58.051
HKG,PLW,0.13
HKG,PAK,1.659
HKG,PAN,2.54
HKG,PAN,3.525
HKG,PER,2.249
HKG,PHL,111.473
HKG,PHL,536.4606779
HKG,PHL,179.051
HKG,POL,76.0968388
HKG,POL,96.81862
HKG,PRT,51.107685
HKG,PRT,13.053
HKG,QAT,728.982
HKG,QAT,189.418
HKG,QAT,2.458
HKG,ROU,66.257
HKG,RUS,24582.703
HKG,RUS,125.146
HKG,RUS,258.204091
HKG,SAU,73.756
HKG,SAU,76.929
HKG,IND,512923.288
HKG,IND,707404.7054
HKG,IND,1027494.331
HKG,SGP,241421.5628
HKG,SGP,1974.802
HKG,SGP,7418.081
HKG,SVK,14.276
HKG,VNM,214.531
HKG,VNM,1912.827
HKG,ZAF,944.19
HKG,ZAF,176.0932834
HKG,ZAF,631.646
HKG,ZWE,3.6255
HKG,ESP,219.323
HKG,ESP,571.282912
HKG,ESP,1530.54743
HKG,SWE,16.126
HKG,SWE,268.890676
HKG,SWE,87.752
HKG,CHE,276596.611
HKG,CHE,9292.6736
HKG,CHE,123836.6398
HKG,THA,10.5145
HKG,THA,2886.367668
HKG,THA,137656.0816
HKG,ARE,1670068.455
HKG,ARE,362326.521
HKG,ARE,109044.4421
HKG,TUN,13.1125
HKG,TUR,3294.551
HKG,TUR,81.6712321
HKG,TUR,276.465328
HKG,UKR,2.445
HKG,UKR,0.321
HKG,GBR,129449.4987
HKG,GBR,2124.96869
HKG,GBR,39903.73518
HKG,USA,1501132.215
HKG,USA,18691.8895
HKG,USA,286528.47
HKG,URY,17.6258128
HUN,FRA,1.298
HUN,GRC,0.077
HUN,ISR,121.6205
HUN,NLD,1.11
HUN,NLD,0.01
HUN,PRT,1.102
HUN,RUS,0.107
HUN,SRB,0.754
HUN,IND,197.389
HUN,SVK,8.252
HUN,THA,21.955
ISL,USA,1.761
IDN,AUS,8171.471053
IDN,AUS,4.893
IDN,BEL,906.996
IDN,BRA,0.005
IDN,CHN,1426.356269
IDN,CHN,796.395
IDN,COL,0.318
IDN,CZE,0.669
IDN,DNK,12.462
IDN,FRA,19.135
IDN,FRA,792.271
IDN,FRA,0.134
IDN,PYF,0.039
IDN,DEU,475.246
IDN,DEU,323.6279421
IDN,GRC,1.823
IDN,HKG,45088.406
IDN,ITA,4.939
IDN,ITA,390.069
IDN,ITA,1.12
IDN,JPN,33757.74344
IDN,JPN,233.012
IDN,JOR,3.521
IDN,KOR,0.552
IDN,KOR,324.778
IDN,KOR,35.55
IDN,MUS,1.13
IDN,MEX,11.174
IDN,NLD,2.684
IDN,NCL,11.477
IDN,NCL,11.885
IDN,NZL,300.862
IDN,NZL,1.149
IDN,NOR,2.764
IDN,NOR,6.028
IDN,PAK,1.108
IDN,POL,0.45
IDN,IND,66.655
IDN,SGP,47.393
IDN,SGP,0.04
IDN,ESP,94.337
IDN,CHE,102.374
IDN,CHE,3.72
IDN,THA,2780.47411
IDN,THA,68.545
IDN,ARE,38.913
IDN,TUR,4.507
IDN,GBR,186.835
IDN,GBR,7.068
IDN,TZA,2.597
IDN,USA,5929.84
IRN,AUS,9.512
IRN,BRA,45.199
IRN,CHN,1006.366
IRN,FRA,15.266
IRN,KOR,0.477
IRN,KWT,0.659
IRN,IND,22.683
IRN,THA,1.12
IRN,THA,17.24
IRL,AUS,279.192283
IRL,AUS,53.55371051
IRL,AUT,1003.25542
IRL,BEL,2321.61238
IRL,BRA,1389.17435
IRL,BRA,135.212
IRL,KHM,7.857
IRL,CAN,1614.226852
IRL,CAN,8.066
IRL,CHL,16.5135208
IRL,CHN,6592.03092
IRL,CHN,5167.877
IRL,COL,7.16319339
IRL,CZE,3.088
IRL,DNK,17.432
IRL,FIN,175.634851
IRL,FRA,674.571498
IRL,DEU,4362.02177
IRL,GRC,0.298
IRL,HKG,3338.96336
IRL,HKG,25.715
IRL,IDN,358.209607
IRL,ISR,202.861539
IRL,ISR,3
IRL,ITA,29092.87399
IRL,JPN,10468.1288
IRL,JPN,5.68932255
IRL,KOR,1654.01818
IRL,KOR,79.922
IRL,LUX,49.3582718
IRL,MYS,6.506
IRL,MUS,2.304
IRL,MEX,51.5830727
IRL,NLD,1.45113358
IRL,NLD,1.268
IRL,NZL,16.471
IRL,NOR,2.25509636
IRL,NOR,40.6635486
IRL,PER,12.2016316
IRL,POL,2.785
IRL,PRT,126.973936
IRL,RUS,227.287619
IRL,SAU,81.779
IRL,IND,1474.55239
IRL,IND,6.561
IRL,SGP,12.1528079
IRL,SGP,52.195
IRL,VNM,12.16
IRL,SVN,91.236
IRL,ZAF,3667.56265
IRL,ESP,249.976423
IRL,ESP,1.273
IRL,SWE,1112.2275
IRL,CHE,482.043344
IRL,CHE,208.340792
IRL,THA,402.716884
IRL,THA,45.811
IRL,ARE,2.783
IRL,ARE,1.651
IRL,TUR,585.052781
IRL,GBR,1429.332157
IRL,GBR,104.312
IRL,USA,13825.74024
IRL,USA,311.315
ISR,AUS,47794.124
ISR,AUT,1486.385
ISR,AUT,7
ISR,ARM,833.6625
ISR,BRB,606.287
ISR,BRB,310.817
ISR,BEL,838927.112
ISR,BEL,5
ISR,BWA,56275.9524
ISR,BWA,4.76989355
ISR,BRA,23.669
ISR,BLZ,717.816
ISR,BGR,9.112
ISR,CAN,71218.8935
ISR,LKA,59400.2383
ISR,LKA,32.3380623
ISR,CHN,52896.5061
ISR,CHN,41.277
ISR,CHN,1
ISR,COL,327.447
ISR,CYP,30.85
ISR,CZE,262.819
ISR,CZE,8.415
ISR,DNK,1710.8695
ISR,DNK,10.688
ISR,ECU,21.11
ISR,FIN,1150.3755
ISR,FIN,6.217
ISR,FRA,210970.557
ISR,FRA,53.446
ISR,GEO,112.535
ISR,DEU,44242.5095
ISR,DEU,390.343022
ISR,GRC,113.014
ISR,HKG,218568.367
ISR,HUN,30.0585
ISR,HUN,1
ISR,IRL,79.789
ISR,IRL,8.956
ISR,ITA,59206.9
ISR,ITA,28.928
ISR,JPN,32.329
ISR,JPN,12.884
ISR,KOR,501.92
ISR,KOR,101.759
ISR,LVA,693.9595
ISR,LVA,2.112
ISR,LTU,121.891
ISR,MLT,39.666
ISR,MUS,590.5605
ISR,MEX,8843.684
ISR,MEX,3
ISR,NAM,2221.55464
ISR,NLD,981.18
ISR,NLD,2.562
ISR,NZL,808.165
ISR,NZL,13.729
ISR,NOR,3587.143
ISR,NOR,2.413
ISR,PAN,42.497
ISR,PER,52.062
ISR,POL,686.0635
ISR,POL,0.401
ISR,POL,10.093
ISR,PRT,487.453
ISR,RUS,59.281
ISR,IND,939347.4375
ISR,IND,522.478
ISR,SGP,146587.775
ISR,SVK,30.3475
ISR,VNM,2109.7075
ISR,ZAF,46844.6719
ISR,ZAF,5
ISR,ESP,4164.684
ISR,ESP,0.823
ISR,SWE,874.223
ISR,CHE,386759.551
ISR,CHE,78.7839044
ISR,THA,93709.0931
ISR,THA,12.759
ISR,TUR,2396.849
ISR,TUR,1.225
ISR,UKR,2136.58796
ISR,GBR,341588.4707
ISR,GBR,12.079
ISR,GBR,223.0514513
ISR,USA,7816278.122
ISR,USA,31.285
ISR,USA,93.34
ISR,URY,98.562
ITA,ALB,1.253
ITA,ARG,20.159
ITA,ARG,19.534824
ITA,AUS,17.266
ITA,AUS,15.932894
ITA,AUS,438.7020357
ITA,AUT,6.768
ITA,AUT,46.3570154
ITA,AUT,72.4972653
ITA,BHR,120.397
ITA,ARM,2.154
ITA,BEL,34415.273
ITA,BEL,87.679
ITA,BEL,1830.924
ITA,BMU,0.272
ITA,BOL,89.786
ITA,BIH,4.543
ITA,BIH,3.19
ITA,BRA,105.5852069
ITA,BRA,0.318
ITA,BRA,87.80967958
ITA,BGR,21.59637746
ITA,BGR,0.133
ITA,BGR,155.805112
ITA,CMR,2.486
ITA,CAN,126.4645
ITA,CAN,191.369
ITA,LKA,12.27974138
ITA,CHN,10.83654183
ITA,CHN,2933.696857
ITA,COL,4.911
ITA,COL,20.01962752
ITA,CRI,0.53
ITA,HRV,56.349
ITA,HRV,5.75496343
ITA,HRV,25.37496183
ITA,CYP,51.18523689
ITA,CYP,6.00636728
ITA,CYP,21.20087183
ITA,CZE,7.602
ITA,CZE,23.295
ITA,CZE,55.37292098
ITA,DNK,102.942161
ITA,DNK,6.156
ITA,DNK,30.15008303
ITA,SLV,1.524
ITA,EST,12.273
ITA,EST,0.974
ITA,EST,1.553
ITA,FIN,224.7
ITA,FIN,4.275
ITA,FRA,19201.10459
ITA,FRA,177.1930056
ITA,FRA,1393.270021
ITA,DEU,1302.623698
ITA,DEU,353.611819
ITA,DEU,731.2890098
ITA,GRC,169.5866155
ITA,GRC,91.0820764
ITA,GRC,123.1062914
ITA,HKG,26904.3905
ITA,HKG,4618.775
ITA,HKG,17910.98336
ITA,HUN,38.166
ITA,HUN,4.439
ITA,HUN,3.257
ITA,ISL,7.9085174
ITA,IDN,3.685
ITA,IRL,21.45317217
ITA,IRL,0.108
ITA,IRL,8.39985753
ITA,ISR,17062.4895
ITA,ISR,605.748
ITA,JPN,2777.589
ITA,JPN,487.8157749
ITA,JPN,262.167
ITA,JOR,11.52092112
ITA,KOR,4.7
ITA,KOR,9.892
ITA,KWT,5.688
ITA,LBN,35.671
ITA,LBN,33.593
ITA,LVA,4.408
ITA,LVA,3.328
ITA,LTU,37.01422102
ITA,LUX,103.794
ITA,LUX,1.718
ITA,LUX,0.88142589
ITA,MYS,8.55529905
ITA,MLT,29.8445591
ITA,MLT,4.85226821
ITA,MLT,16.10220411
ITA,MUS,0.3
ITA,MUS,11.8287967
ITA,MEX,3.872
ITA,MEX,13.068
ITA,MEX,25.17136687
ITA,MAR,23.0301796
ITA,MAR,20.2289838
ITA,MAR,73.3640138
ITA,OMN,8.866
ITA,NLD,1388.872014
ITA,NLD,31.9795726
ITA,NLD,65.3870249
ITA,NZL,327.152902
ITA,NZL,90.4885
ITA,NGA,2.69
ITA,NOR,14.949
ITA,NOR,12.878
ITA,NOR,1.046
ITA,PAK,2.373
ITA,PAN,15.785
ITA,PAN,7.493
ITA,PER,156.829487
ITA,PER,0.634
ITA,PHL,7.392
ITA,POL,18.3594423
ITA,POL,8.973525
ITA,POL,35.47571753
ITA,PRT,546.258314
ITA,PRT,3.353
ITA,PRT,85.19144256
ITA,QAT,2047.593
ITA,QAT,0.148
ITA,QAT,1.087
ITA,ROU,35.396
ITA,ROU,0.289
ITA,ROU,120.046
ITA,RUS,107.085
ITA,RUS,89.6131619
ITA,SAU,24.713
ITA,SRB,15.8759101
ITA,SRB,2.276
ITA,IND,2865.053
ITA,IND,506.6209235
ITA,SGP,1581.99
ITA,SGP,156.492
ITA,SVK,5.42638604
ITA,SVK,16.4655567
ITA,VNM,1.702
ITA,SVN,63.9245
ITA,SVN,0.901
ITA,SVN,29.9077316
ITA,ZAF,9.586
ITA,ESP,1849.230645
ITA,ESP,49.1198921
ITA,ESP,926.2118873
ITA,SWE,1.275
ITA,SWE,0.41
ITA,SWE,3.16
ITA,CHE,36254.75361
ITA,CHE,3194.92139
ITA,CHE,75260.81142
ITA,THA,2365.2675
ITA,THA,40.5203562
ITA,THA,1569.635727
ITA,ARE,2228.81394
ITA,ARE,6.318
ITA,ARE,425.8552844
ITA,TUN,11.66
ITA,TUN,14.399
ITA,TUR,13.484885
ITA,TUR,5.24025728
ITA,TUR,5.64415515
ITA,UKR,2.884
ITA,UKR,5.304
ITA,MKD,6.53132749
ITA,MKD,2.198
ITA,EGY,3.691
ITA,GBR,15651.72508
ITA,GBR,1.396
ITA,GBR,7674.81272
ITA,USA,14869.66221
ITA,USA,171.68
ITA,USA,20989.99798
ITA,URY,27.459
ITA,ZMB,0.111
CIV,BEL,66.856
CIV,FRA,0.315
CIV,DEU,0.016
CIV,ARE,732.142951
CIV,GBR,0.02
CIV,USA,0.001
JAM,USA,17.501
JPN,ARG,3.34
JPN,AUS,180.639
JPN,AUS,1112.645923
JPN,AUS,110.1784101
JPN,AUT,151.151031
JPN,AUT,93.394
JPN,BGD,16.727
JPN,BRB,0.391
JPN,BEL,2954.911
JPN,BEL,656.3273754
JPN,BEL,1.785
JPN,BRA,29.005
JPN,BGR,8.504
JPN,KHM,8.033
JPN,CAN,148.091
JPN,CAN,635.437
JPN,CAN,4.8625
JPN,LKA,14.331
JPN,CHL,11.784
JPN,CHN,8303.2495
JPN,CHN,5341.590691
JPN,CHN,58149.05213
JPN,COL,4.371
JPN,CZE,26.6265
JPN,CZE,21.0345477
JPN,CZE,32.7805847
JPN,DNK,134.0041
JPN,DNK,59.0393303
JPN,FIN,13.14
JPN,FRA,9.771
JPN,FRA,2356.380019
JPN,FRA,1110.467335
JPN,PYF,5.405
JPN,DEU,36.316
JPN,DEU,2501.09432
JPN,DEU,10082.30437
JPN,GRC,17.09
JPN,GRC,32.7881914
JPN,HKG,85.0135
JPN,HKG,102939.9138
JPN,HKG,5198.736501
JPN,HUN,2.31
JPN,IDN,16.639
JPN,IDN,205.3520464
JPN,IRL,9.897
JPN,ISR,6838
JPN,ISR,32
JPN,ITA,47.67
JPN,ITA,3787.334196
JPN,ITA,19.09678191
JPN,KOR,1915.6645
JPN,KOR,2176.117008
JPN,KOR,1804.63396
JPN,LBN,21.792
JPN,LUX,7.739
JPN,MAC,39.402
JPN,MYS,3.831
JPN,MYS,154.3315838
JPN,MYS,1202.48375
JPN,MUS,0.895
JPN,MUS,1201.55461
JPN,MEX,0.807
JPN,MEX,88.494
JPN,MEX,0.165
JPN,NLD,0.567
JPN,NLD,11.9263075
JPN,NLD,2.767
JPN,NZL,92.6314889
JPN,NZL,46.6481552
JPN,NOR,12.207
JPN,PAK,15.908
JPN,PER,4.477
JPN,PHL,6.283
JPN,PHL,9.106
JPN,PHL,84.571
JPN,POL,5.002
JPN,POL,4.205
JPN,POL,30.184
JPN,PRT,9.32070632
JPN,PRT,0.503
JPN,ROU,4.132
JPN,RUS,11.2354099
JPN,RUS,91.2703902
JPN,SRB,2.08781555
JPN,IND,0.564
JPN,IND,2010.045209
JPN,IND,1155.264571
JPN,SGP,679.019
JPN,SGP,1732.783
JPN,SGP,270.328
JPN,SVK,14.107
JPN,VNM,1425.52
JPN,VNM,31.195
JPN,VNM,230.5882544
JPN,SVN,13.421
JPN,ZAF,11.64311332
JPN,ZAF,7.967
JPN,ESP,3.357
JPN,ESP,242.066981
JPN,ESP,1234.988966
JPN,SWE,169.9657897
JPN,SWE,17.549
JPN,CHE,12769.8785
JPN,CHE,2590.163895
JPN,CHE,8911.73909
JPN,THA,407.51
JPN,THA,3488.135629
JPN,THA,4122.575659
JPN,ARE,1046.489
JPN,ARE,76.903
JPN,ARE,69.7635
JPN,TUR,4.711
JPN,GBR,393.5995
JPN,GBR,853.0772041
JPN,GBR,98.87729133
JPN,USA,1324.431
JPN,USA,35966.376
JPN,USA,1880.488478
JPN,BFA,13.013
KAZ,CHN,4099.89139
KAZ,HKG,0.926
JOR,HKG,8.2805
JOR,LBN,27.703
JOR,USA,11.6175
KEN,AUS,38.445
KEN,AUT,0.529
KEN,CMR,0.084
KEN,CHN,25.03
KEN,FIN,0.429
KEN,FRA,127.446
KEN,DEU,59.692
KEN,IDN,0.579
KEN,IRL,6.246
KEN,JPN,22.61
KEN,MYS,3.616
KEN,IND,873.443
KEN,ZAF,116.141
KEN,CHE,2.918
KEN,THA,81.592
KEN,ARE,5.486
PRK,CHN,52.796
KOR,ARG,11.96
KOR,AUS,1.39944417
KOR,AUS,4.284
KOR,AUT,416.184196
KOR,AUT,8.059
KOR,BGD,0.704
KOR,BEL,1158.0525
KOR,BOL,0.006
KOR,BRA,136.719764
KOR,BRA,1.66
KOR,BGR,25.973
KOR,MMR,79.875
KOR,CAN,2528.26347
KOR,CAN,3.277
KOR,CHL,87.17
KOR,CHN,5150.41317
KOR,CHN,9.032
KOR,CHN,51054.21469
KOR,CZE,1.609
KOR,CZE,39.1973649
KOR,FRA,62.493
KOR,FRA,7.26948208
KOR,DEU,3191.98092
KOR,DEU,5.589
KOR,DEU,476.0174474
KOR,HKG,5177.939067
KOR,HKG,223.061
KOR,HKG,9530.04945
KOR,IDN,106.984457
KOR,IDN,679.882
KOR,IRN,9.89
KOR,IRL,2.568
KOR,ISR,6.434
KOR,ITA,290.201224
KOR,ITA,1.171
KOR,ITA,7.59931229
KOR,CIV,51.14
KOR,JPN,6308.1616
KOR,JPN,0.65
KOR,JPN,1355.619959
KOR,LBN,247.355
KOR,LTU,18.8
KOR,MYS,19.272
KOR,MYS,589.769111
KOR,MEX,39.21
KOR,NLD,143.904
KOR,NZL,1.485
KOR,PAK,75.096
KOR,PER,131.585
KOR,PHL,0.495
KOR,PHL,0.216
KOR,POL,64.417
KOR,RUS,240.091
KOR,IND,927.265978
KOR,IND,3.587
KOR,IND,0.564
KOR,SGP,13.679
KOR,SGP,493.2135
KOR,VNM,162.9193935
KOR,VNM,368.0737534
KOR,ZAF,63.9480387
KOR,ESP,7.109
KOR,ESP,9.156
KOR,ESP,3.005
KOR,SWE,9.511
KOR,CHE,240.225854
KOR,CHE,22.7900845
KOR,THA,113.294776
KOR,THA,52.636
KOR,THA,214.6078459
KOR,ARE,3.758
KOR,TUR,100.854209
KOR,TUR,0.2
KOR,GBR,191.7212378
KOR,GBR,560.749
KOR,TZA,0.011
KOR,USA,6824.07868
KOR,USA,6.712
KOR,USA,287.6328655
KWT,ITA,5.995
KWT,QAT,0.08
KWT,THA,77.465
KGZ,CHN,351.889246
KGZ,DEU,2.798
LAO,CHN,3.266
LAO,FRA,11.286
LAO,CHE,2505.426
LAO,THA,11.6805
LAO,THA,2.242
LBN,BEL,136.156
LBN,CYP,79.269
LBN,CYP,2.04
LBN,ITA,551.225
LBN,JOR,3.073
LBN,SAU,41.6
LBN,SWE,2.134
LBN,CHE,26058.594
LBN,CHE,48.005
LBN,CHE,8108.075
LBN,THA,211.211
LBN,ARE,62110.612
LBN,ARE,1140.031
LBN,TUR,1.174
LBN,USA,85.284
LVA,ARM,914.475
LVA,EST,3.953
LVA,HKG,21.2335
LVA,ISR,671.427
LVA,ISR,25.825
LVA,POL,746.326
LVA,QAT,10.044
LVA,CHE,40.6019586
LVA,THA,57.4585
LBR,IND,14.69
LBR,THA,5.589
LTU,AUS,0.995
LTU,CHN,0.2
LTU,DNK,37.442
LTU,EST,2.927
LTU,FRA,0.366
LTU,DEU,0.925
LTU,HUN,0.839
LTU,ITA,1.176
LTU,KWT,0.189
LTU,LVA,0.07
LTU,MEX,0.503
LTU,NLD,1.383
LTU,NLD,0.002
LTU,NZL,7.132
LTU,POL,2.741
LTU,PRT,0.049
LTU,ESP,0.59
LTU,CHE,1.453
LTU,CHE,106.098
LTU,GBR,33.785
LTU,USA,5.798
LUX,BEL,5.56435215
LUX,FRA,161.16236
LUX,ITA,0.732
LUX,ITA,0.055
LUX,LUX,16.011
LUX,NLD,1.629
LUX,PHL,4.725
LUX,USA,113.950549
MAC,KOR,18.179
MDG,ARG,2.328
MDG,AUS,104.5939478
MDG,AUT,91.3913296
MDG,BEL,52.03027342
MDG,BMU,0.837
MDG,BRA,33.084616
MDG,CAN,207.454
MDG,LKA,765.405
MDG,CHN,12151.72172
MDG,HRV,2.147
MDG,CZE,65.12601199
MDG,DNK,0.048
MDG,DNK,8.165
MDG,FIN,0.246
MDG,FRA,6302.201391
MDG,DEU,1474.645125
MDG,HKG,404.083
MDG,HUN,14.98684672
MDG,ISR,39.235
MDG,ITA,393.64018
MDG,JPN,12.4437352
MDG,KEN,0.235
MDG,KOR,3.35149954
MDG,KGZ,40.11
MDG,MUS,0.011
MDG,MUS,607.872168
MDG,MEX,72.0371065
MDG,NLD,146.642001
MDG,NZL,41.239
MDG,NOR,5.093
MDG,PAK,1.443
MDG,POL,1.127
MDG,POL,3.927
MDG,ROU,370.563
MDG,RUS,11.02974513
MDG,IND,1832.93102
MDG,SGP,0.482
MDG,SVK,0.057
MDG,SVN,1.40673542
MDG,ZAF,0.203
MDG,ZAF,146.867798
MDG,ESP,64.46868999
MDG,CHE,804.5056031
MDG,THA,1945.04904
MDG,ARE,140.253
MDG,TUR,29.12968069
MDG,GBR,381.0945559
MDG,TZA,0.121
MDG,USA,2803.57
MWI,AUS,1.901
MWI,LKA,3.94015648
MWI,CHN,2.61043255
MWI,HKG,41.613
MWI,ITA,18.317
MWI,NZL,0.052
MWI,PAK,0.672
MWI,IND,33.5333717
MWI,ZAF,29.8147017
MWI,THA,7.63288304
MWI,ARE,12.935
MWI,TUR,0.952
MWI,TZA,1.061
MWI,USA,10.587
MYS,AUS,60.218
MYS,AUT,11.837
MYS,BGD,0.012
MYS,CHN,7796.854
MYS,CHN,6836.377572
MYS,FIN,0.049
MYS,DEU,2.982
MYS,DEU,4742.652
MYS,HKG,19595.8245
MYS,HKG,1643.952
MYS,HKG,844.4365
MYS,IDN,39.12
MYS,IRL,1.403
MYS,ITA,2.438
MYS,JPN,10.264
MYS,JPN,13.75390008
MYS,JPN,5771.126197
MYS,KOR,0.82
MYS,KOR,289.944
MYS,KOR,4411.10373
MYS,MEX,0.211
MYS,MAR,16.645
MYS,OMN,40.658
MYS,NLD,0.084
MYS,IND,118.6315
MYS,IND,27.6481611
MYS,SGP,7027.8915
MYS,SGP,78.2125
MYS,SGP,504.7865185
MYS,VNM,32.277
MYS,SVN,0.272
MYS,ZAF,0.095
MYS,ESP,0.066
MYS,SWE,0.356
MYS,CHE,12.785
MYS,THA,197.8632668
MYS,ARE,315.716
MYS,ARE,19.259
MYS,TUR,46.3162471
MYS,USA,126.81
MLI,CHN,262.346
MLI,FRA,1.637
MLI,DEU,165.757
MLI,CIV,0.018
MLI,NOR,4.438
MLI,THA,181.624
MLT,BEL,170.4035
MLT,HKG,2.22
MLT,ITA,20.309
MLT,ITA,11.244
MLT,GBR,13.775
MRT,AUT,0.196
MRT,ITA,2.99
MUS,AUS,13.424
MUS,BEL,14066.4685
MUS,CAN,0.117
MUS,FRA,1141.720494
MUS,DEU,329.605556
MUS,HKG,1108.432
MUS,JPN,5.101
MUS,MDG,0.262
MUS,IND,1.044
MUS,IND,713.6693413
MUS,VNM,85589.3605
MUS,CHE,26229.703
MUS,CHE,904.237911
MUS,THA,201.1744555
MUS,GBR,7.997
MUS,USA,40.785
MUS,USA,2.045
MEX,ARG,2.198
MEX,BMU,0.054
MEX,BOL,0.80097661
MEX,BIH,0.012
MEX,BRA,39.210744
MEX,CAN,2.316
MEX,LKA,17.236
MEX,CHL,0.166
MEX,CHN,1035.52502
MEX,COL,2.087
MEX,CRI,4.577
MEX,CUB,0.451
MEX,CZE,2.019
MEX,DNK,0.255
MEX,FRA,46.736
MEX,DEU,838.729
MEX,GRC,4.039
MEX,GRD,1.483
MEX,HKG,59.33
MEX,IRL,13.267
MEX,ITA,5.857
MEX,ITA,15.1
MEX,JPN,3.826
MEX,JPN,12.892
MEX,KOR,34
MEX,LTU,7.303
MEX,LUX,0.143
MEX,MAR,0.209
MEX,NLD,1.03
MEX,NIC,3.31777291
MEX,NOR,2.233
MEX,PER,1.47664304
MEX,SRB,0.266
MEX,IND,15.1144022
MEX,SGP,0.315
MEX,ZAF,3.185
MEX,ESP,116.4796717
MEX,SWE,0.356
MEX,CHE,258.055
MEX,CHE,18.311
MEX,THA,38.819
MEX,GBR,17.365
MEX,USA,23225.014
MEX,USA,4.325
MEX,USA,3389.4685
MEX,URY,0.469
MNG,CHN,107.811
MNG,CZE,10.832
MNG,HKG,4.393
MDA,CHN,72.207
MDA,ZAF,0.062
MAR,ARG,1.646
MAR,AUS,59.205
MAR,BMU,0.113
MAR,BRA,10.8
MAR,CHN,63.168
MAR,CZE,18.824
MAR,FIN,0.22
MAR,FRA,0.163
MAR,PYF,0.063
MAR,DEU,9.725
MAR,ITA,22.473
MAR,JPN,45.088
MAR,MEX,16.404
MAR,NLD,7.28
MAR,NZL,15.378
MAR,NOR,7.126
MAR,POL,0.057
MAR,RUS,8.911
MAR,IND,379.78
MAR,ZAF,0.227
MAR,ESP,29.406
MAR,CHE,0.963
MAR,THA,2.511
MAR,TUR,5.885
MAR,UKR,0.338
MAR,GBR,2.888
MOZ,AUS,2.577
MOZ,AUT,1.046
MOZ,BRA,85.7910978
MOZ,LKA,32.772
MOZ,CHN,851.748793
MOZ,CZE,130.048
MOZ,FRA,4978.17777
MOZ,DEU,410.6153159
MOZ,HKG,14506.889
MOZ,ITA,218.969
MOZ,KOR,24.412
MOZ,MEX,164.116
MOZ,NZL,22.741
MOZ,PRT,3.43639267
MOZ,IND,20899.30814
MOZ,SGP,33993.822
MOZ,VNM,23.229
MOZ,ZAF,11.382
MOZ,CHE,43.14635478
MOZ,THA,17510.72175
MOZ,ARE,9.85052866
MOZ,GBR,5761.043
MOZ,TZA,83.063
MOZ,USA,5699.114
OMN,ARE,201.892
OMN,ARE,17.717
OMN,ARE,0.588
NAM,AGO,3.279
NAM,AUS,6.126
NAM,AUT,4.177
NAM,BHR,1.366
NAM,ARM,316.127878
NAM,BEL,51435.5758
NAM,BWA,972048.147
NAM,CHN,45.945
NAM,HRV,0.073
NAM,CZE,1.092
NAM,FRA,212.816285
NAM,DEU,272.311597
NAM,HKG,987.172
NAM,HKG,13.555
NAM,ISR,10578.664
NAM,ITA,36.843
NAM,MUS,19.91
NAM,NLD,2.459
NAM,NZL,0.245
NAM,NOR,0.21
NAM,POL,0.008
NAM,IND,20865.334
NAM,IND,11.6030275
NAM,VNM,16790.494
NAM,ZAF,10426.4592
NAM,ZAF,108.127326
NAM,CHE,34108.334
NAM,CHE,63.413
NAM,THA,1.13586032
NAM,TUR,0.324
NAM,GBR,360.178499
NAM,GBR,0.845
NAM,USA,42678.98446
NAM,USA,256.887
NPL,FRA,0.626
NPL,MAR,5.289
NPL,CHE,0.76
NPL,THA,0.101
NLD,AUS,129.031
NLD,AUT,273.279
NLD,AUT,26.512
NLD,AUT,12.84
NLD,BEL,131.987872
NLD,BEL,154.295
NLD,BEL,59.229
NLD,BGR,0.736
NLD,CMR,0.111
NLD,CAN,8.039
NLD,CHN,7.926
NLD,CHN,52.3525
NLD,HRV,0.36
NLD,CZE,4.57
NLD,CZE,16.619
NLD,DNK,62.771
NLD,DNK,1.853
NLD,FIN,16.472062
NLD,FRA,9.79283305
NLD,FRA,26.094
NLD,FRA,3.899
NLD,DEU,359.816292
NLD,DEU,75.6109655
NLD,DEU,563.8065889
NLD,GRC,455.557
NLD,GRC,6.348
NLD,HUN,2.629
NLD,HUN,11.6
NLD,IRL,16.577
NLD,IRL,16.97
NLD,IRL,0.5085
NLD,ITA,578.4839
NLD,ITA,0.017
NLD,ITA,69.4670714
NLD,JPN,3141.4085
NLD,JPN,49.463
NLD,KOR,4.6105
NLD,LVA,0.316
NLD,LTU,0.619
NLD,LUX,24.661
NLD,LUX,25.397
NLD,MLT,1.443
NLD,OMN,1.771
NLD,NCL,2.419
NLD,NZL,13.552
NLD,NOR,2.653
NLD,NOR,9.904
NLD,POL,24.123
NLD,PRT,1.468
NLD,PRT,0.537
NLD,ROU,3.811
NLD,IND,9.345
NLD,IND,65.825
NLD,SVK,0.994
NLD,SVN,11.91
NLD,ESP,9.867
NLD,ESP,23.994
NLD,SWE,66.507
NLD,SWE,0.1105
NLD,CHE,3064.5465
NLD,CHE,112.0879559
NLD,THA,2.069
NLD,THA,0.386
NLD,ARE,2524.649
NLD,ARE,0.715
NLD,GBR,3852.982354
NLD,GBR,8.08218617
NLD,GBR,78.65460985
NLD,USA,5594.9715
NLD,USA,157.1655
NZL,AUS,5102.28683
NZL,AUS,12.2955819
NZL,AUS,1135.242407
NZL,AUT,1.294
NZL,AUT,0.55
NZL,CHN,1.574
NZL,CHN,15.566
NZL,FJI,51.6738753
NZL,FJI,79.499
NZL,FRA,2.67596974
NZL,PYF,26.2970874
NZL,PYF,7.42244938
NZL,DEU,159.186
NZL,DEU,87.86539267
NZL,HKG,129.316
NZL,HKG,62.714
NZL,HKG,41.82
NZL,ITA,2.74
NZL,JPN,3.96
NZL,NLD,0.68
NZL,NCL,30.204
NZL,NZL,0.799
NZL,NZL,27.879
NZL,NZL,52.225
NZL,PNG,7.827
NZL,IND,3.184
NZL,SGP,13.534
NZL,ZAF,0.828
NZL,ZAF,40.8237927
NZL,THA,9.237
NZL,THA,41.009
NZL,GBR,6.67776876
NZL,USA,60.304
NZL,USA,833.0195
NZL,WSM,0.115
NIC,AUS,5.597
NIC,DEU,1.554
NER,FRA,8.325
NER,DEU,8.315
NER,NGA,1.178
NER,IND,1.38
NGA,AUS,0.89
NGA,BRA,0.94
NGA,LKA,9.713
NGA,CHL,0.858
NGA,CHN,3.602
NGA,CZE,38.506
NGA,BEN,0.434
NGA,FRA,1154.569
NGA,DEU,1827.2
NGA,JPN,8.008
NGA,NZL,1.192
NGA,NER,0.147
NGA,IND,2941.717
NGA,ZAF,7.439
NGA,CHE,38.38
NGA,THA,609.221
NGA,ARE,142.902
NGA,GBR,2.14
NGA,USA,56.253
NOR,BEL,22.965
NOR,BRA,20.13
NOR,DNK,6.202
NOR,DEU,9.205
NOR,DEU,216.783
NOR,ISR,108
NOR,KOR,0.8
NOR,IND,0.149
NOR,SGP,0.851
NOR,SGP,7.426
NOR,ESP,0.073
NOR,SWE,29.169
NOR,SWE,8.774
NOR,CHE,0.126
NOR,USA,2.698
NOR,USA,3.946
PAK,AFG,3.157
PAK,ARG,0.028
PAK,AUS,6.23989235
PAK,AUT,38.50210947
PAK,BHR,1.63474644
PAK,BGD,0.503
PAK,BEL,8.778
PAK,CAN,1.481
PAK,CAN,8.998
PAK,CHL,0.418
PAK,CHN,5.587
PAK,CHN,970.820805
PAK,HRV,0.641
PAK,CZE,2.281
PAK,EST,1.842
PAK,FIN,0.543
PAK,FRA,6.02907139
PAK,FRA,3397.251676
PAK,DEU,11.756
PAK,DEU,2086.3307
PAK,GRC,0.897
PAK,HKG,1.583
PAK,HKG,4358.995
PAK,HUN,0.22
PAK,IDN,26.996
PAK,ITA,45.6349114
PAK,JPN,6.84962172
PAK,KOR,12.122
PAK,KWT,0.365
PAK,KGZ,1.104
PAK,LTU,0.203
PAK,MYS,5.051
PAK,MLT,0.457
PAK,OMN,0.756
PAK,NPL,1.996
PAK,NPL,0.623
PAK,NLD,0.568
PAK,NLD,6.52911334
PAK,NCL,0.045
PAK,NOR,2.256
PAK,PHL,5.609
PAK,POL,5.79
PAK,SAU,242.06
PAK,IND,45.7771725
PAK,SGP,1.276
PAK,SVN,0.234
PAK,ZAF,94.862
PAK,ESP,4.45346798
PAK,SWE,0.83
PAK,CHE,0.573
PAK,CHE,65.3791311
PAK,THA,222.356087
PAK,ARE,89.112
PAK,ARE,714.307484
PAK,TUR,5.96138886
PAK,GBR,20.654
PAK,GBR,285.7711894
PAK,USA,13.421
PAK,USA,7.641
PAK,USA,2362.7085
PAN,ATG,0.448
PAN,BOL,36.6
PAN,CHL,5.184
PAN,CHN,4.39
PAN,COL,3.52
PAN,CRI,0.19
PAN,CRI,51.906
PAN,DOM,0.4195
PAN,GTM,6.345
PAN,PER,77.025
PAN,CHE,19785.593
PAN,CHE,814.749
PAN,USA,5477.02
PAN,USA,0.094
PAN,VEN,1.083
PAN,VEN,5.381
PER,AUS,20.4428553
PER,AUT,2.19035309
PER,BEL,9.136
PER,BRA,0.075
PER,CAN,28.837
PER,CHL,9.41653974
PER,CHN,83.7289727
PER,COL,0.037
PER,CRI,0.336
PER,ECU,164.4899801
PER,SLV,0.306
PER,FRA,32.0386002
PER,PYF,0.06
PER,DEU,59.4235452
PER,HKG,673.532
PER,IDN,2.265
PER,ITA,63.682846
PER,JPN,8.62048931
PER,KOR,75.84263064
PER,MUS,357.5
PER,MEX,0.314
PER,NLD,35.905
PER,NOR,3.441
PER,IND,69.6826238
PER,SGP,1.399
PER,ZAF,5.65589953
PER,ESP,16.335682
PER,CHE,1.725
PER,THA,44.6447576
PER,TUR,0.787
PER,GBR,11.0514308
PER,USA,397.597
PHL,AUS,48.1270573
PHL,AUS,0.882
PHL,AUT,0.128
PHL,CHN,15.297
PHL,CHN,18.4533524
PHL,CZE,2.261
PHL,DNK,22.237
PHL,FRA,55.79469517
PHL,DEU,11.264
PHL,DEU,420.399
PHL,HKG,9587.794
PHL,JPN,9860.429968
PHL,KOR,0.372
PHL,MYS,2
PHL,NLD,2.452
PHL,NZL,26.474
PHL,NOR,1.097
PHL,IND,30
PHL,SVN,709.556
PHL,CHE,14.072
PHL,THA,488.578
PHL,USA,1719.921
PHL,USA,4.124
POL,AUS,11.66834951
POL,AUT,0.156
POL,AUT,0.006
POL,ARM,9.86497256
POL,BEL,0.213
POL,BEL,4.516
POL,BIH,0.826
POL,BGR,0.872
POL,BLR,4.606
POL,CHN,1839.950243
POL,CYP,4.863
POL,CZE,2.152
POL,DNK,9.357
POL,DNK,3.111
POL,EST,0.307
POL,EST,8.866
POL,FIN,0.329
POL,FIN,20.244
POL,FRA,0.248
POL,FRA,10.10305946
POL,DEU,0.812
POL,DEU,14.441
POL,GRC,0.379
POL,GRC,4.438
POL,HKG,30.9205
POL,HKG,0.4985
POL,HKG,100.7532109
POL,HUN,1.187
POL,IRL,0.634
POL,IRL,0.378
POL,IRL,2.817
POL,ISR,51.6905
POL,ITA,32.315
POL,ITA,0.376
POL,ITA,26.87870646
POL,JPN,416.750688
POL,KAZ,0.296
POL,KOR,128.154
POL,KWT,1.34676235
POL,LVA,1.854
POL,LTU,3.17716186
POL,LTU,0.646
POL,LTU,119.2475017
POL,MEX,0.726
POL,MDA,0.419
POL,NLD,7.708
POL,NLD,0.164
POL,NLD,4.895
POL,NOR,1.299
POL,PRT,0.176
POL,ROU,1.525
POL,RUS,223.514
POL,SYC,0.821
POL,IND,1.978
POL,IND,15.031
POL,SVK,0.133
POL,SVK,10.104
POL,SVN,2.039
POL,ESP,2.625
POL,SWE,0.226
POL,CHE,0.59101914
POL,CHE,356.8158524
POL,THA,2110.182
POL,ARE,58.271
POL,UKR,0.3835
POL,UKR,771.732
POL,GBR,0.737
POL,GBR,5.086
POL,USA,136.247
POL,ZMB,3.8
PRT,AGO,0.017
PRT,AGO,6.43
PRT,BRA,32.3
PRT,BRA,31.147
PRT,CZE,2.006
PRT,FRA,934.681
PRT,ITA,81.077
PRT,NLD,2.692
PRT,NLD,22.889
PRT,NLD,0.698
PRT,ESP,23.05
PRT,ESP,0.799
PRT,CHE,56.0055
PRT,CHE,604.431902
PRT,GBR,314.881
PRT,USA,4.492
QAT,CHE,1033.343
QAT,ARE,238.631
QAT,ARE,100.796
ROU,AUT,0.327
ROU,BEL,1629.899
ROU,BGR,10.572
ROU,CHN,4.236
ROU,FRA,102.684
ROU,FRA,5.939
ROU,DEU,1.693
ROU,GRC,47.826
ROU,ITA,0.048
ROU,JPN,4.983
ROU,KOR,145.465
ROU,MAR,8.306
ROU,NLD,1.945
ROU,SAU,90.4
ROU,SVK,70.637
ROU,TUR,4.735
ROU,TUR,71.59
ROU,GBR,138.008
ROU,USA,1017.168
RUS,ARG,7.6
RUS,AUS,97.431
RUS,AUT,9.99
RUS,AUT,7.19409522
RUS,ARM,12439.68955
RUS,ARM,42.3068802
RUS,BEL,2301303.551
RUS,BEL,401.3635
RUS,BOL,0.04
RUS,BWA,25945.5184
RUS,BGR,5.31449365
RUS,BLR,37456.035
RUS,BLR,56.627
RUS,CAN,292.736
RUS,CHN,48918.2439
RUS,CHN,33078.68633
RUS,HRV,23.27
RUS,HRV,1.818
RUS,CYP,619.951
RUS,CZE,15.655
RUS,CZE,81.9896052
RUS,ETH,0.353
RUS,EST,7.732
RUS,FIN,105.673747
RUS,FRA,506.486
RUS,FRA,300.6499449
RUS,DEU,170.328855
RUS,DEU,4256.476205
RUS,HKG,153384.537
RUS,HKG,3392.446426
RUS,ISR,572765.3929
RUS,ISR,239.2715
RUS,ITA,32.235
RUS,ITA,15.246
RUS,JPN,1202.875713
RUS,JPN,416.229334
RUS,KAZ,2.71530322
RUS,KAZ,5.913
RUS,KAZ,257.251336
RUS,KOR,621.103965
RUS,KOR,7062.14504
RUS,KWT,31.078
RUS,LVA,31.3650625
RUS,LVA,25.8742752
RUS,LTU,350.4913805
RUS,MUS,18898.076
RUS,MUS,573.926
RUS,NLD,11.3155252
RUS,POL,2.41201643
RUS,POL,0.62
RUS,RUS,5278.249
RUS,RUS,17.015
RUS,IND,649064.4775
RUS,IND,4353.05535
RUS,SGP,725.427
RUS,SGP,18.75
RUS,SVK,14.229
RUS,SVK,71.433237
RUS,VNM,5833.699
RUS,ZAF,2682.379
RUS,ZAF,0.421
RUS,ESP,2.406
RUS,ESP,21.053
RUS,CHE,15118.63503
RUS,CHE,1900.641479
RUS,THA,4.98215138
RUS,THA,594.89285
RUS,ARE,275368.1123
RUS,ARE,304.162168
RUS,MKD,33.072
RUS,GBR,3682.80614
RUS,GBR,44.1450592
RUS,USA,99583.19126
RUS,USA,1054.875135
RWA,BRA,1.128
RWA,LKA,1.656
RWA,IND,212.563
RWA,THA,12.103
SAU,CAN,0.866
SAU,FIN,0.225
SAU,CHE,11621.192
SAU,ARE,611.467
SAU,ARE,0.327
SAU,TUR,0.809
SAU,GBR,23.333
SEN,IND,8.028
SEN,USA,1.03
SRB,IND,3.704
SRB,CHE,0.429
SLE,IND,17.932
SLE,THA,1.397
IND,ARG,0.374
IND,AUS,177644.5775
IND,AUS,16.8023504
IND,AUS,1365.040294
IND,AUT,793.786
IND,AUT,206.535
IND,AUT,313.2051933
IND,BHS,36.616
IND,BHR,151.47
IND,BHR,419.494864
IND,BHR,70.62943703
IND,BGD,2001.383
IND,BGD,4.269
IND,BGD,399.819639
IND,ARM,5776.2755
IND,ARM,15.247
IND,BRB,0.025
IND,BEL,2139106.095
IND,BEL,11685.01982
IND,BIH,0.478
IND,BWA,3201.181546
IND,BRA,65.584
IND,BRA,106.7215855
IND,BLZ,94.658
IND,BGR,3.54684339
IND,CAN,19.751
IND,CAN,1834.464
IND,LKA,15654.98672
IND,LKA,108.0183535
IND,CHL,31.02
IND,CHL,8.084
IND,CHN,4196.48269
IND,CHN,29.216
IND,CHN,1627.181951
IND,HRV,2.852
IND,HRV,20.0845
IND,CYP,262.545
IND,CYP,2.52481201
IND,CZE,2728.976
IND,CZE,3.891
IND,CZE,738.7245682
IND,DNK,145.806
IND,DNK,9.742
IND,DNK,184.3493431
IND,ECU,28.582
IND,SLV,17.7165
IND,EST,429.696
IND,EST,62.6228065
IND,FIN,913.1945
IND,FIN,0.283
IND,FIN,29.08084606
IND,FRA,45970.76
IND,FRA,4.847
IND,FRA,29337.17805
IND,PYF,10.714
IND,PYF,0.199
IND,GEO,2.593
IND,DEU,49440.5745
IND,DEU,38.9813868
IND,DEU,10046.17427
IND,GRC,158.671351
IND,HKG,7698741.738
IND,HKG,415.729
IND,HKG,117249.9008
IND,HUN,300.653
IND,ISL,29.6785
IND,ISL,6.532
IND,IDN,15.09202513
IND,IRN,6.1
IND,IRL,7616.076776
IND,IRL,131.046
IND,ISR,998215.8303
IND,ISR,8.113
IND,ISR,1034.1155
IND,ITA,56989.0345
IND,ITA,75.6003684
IND,ITA,44557.64816
IND,JPN,262766.999
IND,JPN,103.24103
IND,JPN,6104.336679
IND,JOR,682.475
IND,JOR,40.685
IND,KOR,43667.651
IND,KOR,96.321
IND,KOR,113.4689333
IND,KWT,2.3265
IND,LBN,80.772
IND,LVA,134.889
IND,LVA,13.101
IND,LTU,65.1465
IND,LTU,132.8337982
IND,LUX,5.55
IND,MYS,5540.996
IND,MYS,387.802
IND,MDV,90.439
IND,MLT,5.604
IND,MUS,2583.112
IND,MUS,47.17064107
IND,MEX,95224.057
IND,MEX,1788.722652
IND,MNG,0.091
IND,MAR,66.368
IND,MAR,60.55189702
IND,OMN,0.065
IND,NAM,4.3745
IND,NAM,0.824
IND,NPL,55.1275
IND,NLD,2933.268
IND,NLD,0.73
IND,NLD,298.156598
IND,NCL,0.59385192
IND,NZL,14688.8645
IND,NZL,136.586312
IND,NIC,0.161
IND,NGA,63.158
IND,NOR,402.4225
IND,NOR,11.18680869
IND,PAN,15.32
IND,PER,591.936
IND,PER,0.588
IND,POL,2144.607
IND,POL,177.0251486
IND,PRT,29.381
IND,QAT,7635.757
IND,QAT,111.018
IND,QAT,43.14701846
IND,ROU,0.189
IND,RUS,1710.35
IND,RUS,565.0721703
IND,SAU,375.2
IND,SAU,225.742
IND,SYC,0.127
IND,SGP,240550.1187
IND,SGP,18864.615
IND,SVK,158.782
IND,SVK,5.544
IND,VNM,59.53
IND,SVN,6.74150868
IND,ZAF,53751.0615
IND,ZAF,1807.983458
IND,ESP,3979.2545
IND,ESP,2100.607045
IND,SWZ,33.049
IND,SWE,484.546
IND,SWE,34.979
IND,SWE,18.808
IND,CHE,150023.017
IND,CHE,10.468
IND,CHE,36308.36946
IND,THA,4962.98885
IND,THA,22.4680638
IND,THA,47257.11185
IND,TTO,92.722
IND,TTO,7.603
IND,ARE,2654555.742
IND,ARE,721.560937
IND,ARE,48266.5066
IND,TUN,1.835
IND,TUR,20799.954
IND,TUR,825.9691046
IND,UKR,13.412
IND,GBR,136037.7542
IND,GBR,88.495
IND,GBR,8425.071958
IND,TZA,1.734
IND,USA,6852770.374
IND,USA,1229.2965
IND,USA,11343.9845
IND,ZMB,703.679
SGP,ATG,2.023
SGP,AUS,2743.6685
SGP,AUS,247.840036
SGP,AUS,24.242
SGP,AUT,16.697
SGP,BHR,0.952
SGP,BGD,0.015
SGP,BEL,169740.257
SGP,BEL,156.773
SGP,BWA,22321.492
SGP,BRN,2.50563577
SGP,MMR,3.318
SGP,CHN,12.84
SGP,CHN,184.8175867
SGP,CZE,0.213
SGP,DNK,252.1175
SGP,DNK,0.322
SGP,SLV,2.271
SGP,FRA,2558.132
SGP,FRA,390.421
SGP,FRA,1882.892
SGP,DEU,84.7431805
SGP,HKG,49172.5803
SGP,HKG,73.413
SGP,HKG,79360.6291
SGP,HUN,0.085
SGP,IDN,3.419
SGP,IDN,15.283
SGP,IDN,160.0764861
SGP,ISR,100823.143
SGP,ISR,1
SGP,ITA,2410.077
SGP,ITA,30.739
SGP,ITA,40.9655
SGP,JPN,311.678
SGP,JPN,576.713615
SGP,JPN,3.741
SGP,KOR,3.33365094
SGP,MYS,1197.5215
SGP,MYS,62.14695621
SGP,MYS,111.513
SGP,MLT,5.031
SGP,NLD,121.245
SGP,NLD,33.2709897
SGP,NZL,30.657
SGP,NZL,6.311
SGP,NZL,2.585
SGP,PAK,5.65
SGP,QAT,14.615
SGP,IND,136413.139
SGP,IND,36006.7895
SGP,ZAF,916.638
SGP,ESP,17.198
SGP,CHE,84821.099
SGP,CHE,2578.486
SGP,CHE,35643.03
SGP,THA,358.63
SGP,THA,31.227
SGP,THA,643.1006996
SGP,ARE,267499.816
SGP,ARE,0.4255
SGP,ARE,58367.381
SGP,GBR,8265.09027
SGP,GBR,252.638
SGP,USA,34724.433
SGP,USA,57.417
SGP,USA,2415.248
SGP,ZMB,259.135
SVK,CZE,408.717
SVK,CZE,13.0771484
SVK,DEU,1229.35024
SVK,HUN,46.996
SVK,SWE,1.63
SVK,USA,18.65761256
VNM,AUS,108.727
VNM,AUS,1.131
VNM,AUT,55.0904664
VNM,BEL,51058.4722
VNM,LKA,0.955
VNM,CHN,468.137808
VNM,CZE,1.529
VNM,DNK,1.674
VNM,FRA,89.07
VNM,FRA,957.73
VNM,DEU,27.258
VNM,HKG,160.7502621
VNM,ITA,2.133
VNM,JPN,905.748985
VNM,JPN,1462.1185
VNM,MAC,2.157
VNM,IND,4.5405
VNM,ESP,0.287
VNM,CHE,38.144
VNM,THA,634.658792
VNM,THA,241.289989
VNM,USA,34.468
SVN,BIH,0.112
SVN,CHN,106.924
SVN,HRV,2.196
SVN,HRV,0.331
SVN,HKG,7.686
SVN,NLD,2.265
SVN,NLD,0.004
SVN,THA,21.083
SOM,CHN,11.29
SOM,THA,0.241
ZAF,AGO,0.145
ZAF,AGO,0.042
ZAF,ARG,2.151
ZAF,AUS,1586.598
ZAF,AUS,113.4079409
ZAF,AUT,34.5796062
ZAF,ARM,1542.035
ZAF,BEL,319147.549
ZAF,BEL,13.202
ZAF,BWA,562225.0475
ZAF,BWA,2.13928485
ZAF,BWA,33.76393794
ZAF,BRA,69.378924
ZAF,BGR,2.33
ZAF,KHM,2409.002
ZAF,CAN,6224.705
ZAF,CAN,9.265
ZAF,CHN,353968.693
ZAF,CHN,790.907
ZAF,CHN,3148.004171
ZAF,COL,0.288
ZAF,HRV,0.073
ZAF,CZE,340.305
ZAF,CZE,199.876212
ZAF,FIN,0.355
ZAF,FIN,0.587
ZAF,FRA,20494.276
ZAF,FRA,108.92
ZAF,DEU,14214.056
ZAF,DEU,524.1601999
ZAF,HKG,74025.71489
ZAF,HKG,3.721
ZAF,HKG,2870.9745
ZAF,HUN,16.029
ZAF,ISL,1.07
ZAF,IDN,1.942
ZAF,IRL,1688.183
ZAF,IRL,332.870848
ZAF,ISR,65566.425
ZAF,ISR,10
ZAF,ITA,1976.895
ZAF,ITA,142.8054816
ZAF,JPN,2.067
ZAF,JPN,86.45
ZAF,KOR,602.56
ZAF,LUX,344.312
ZAF,LUX,0.084
ZAF,MWI,0.77
ZAF,MWI,0.347
ZAF,MUS,82.035
ZAF,MUS,90.61791995
ZAF,MEX,500.289
ZAF,MEX,3.661
ZAF,MNG,0.058
ZAF,MOZ,0.82703518
ZAF,NAM,752.072
ZAF,NAM,0.08647133
ZAF,NAM,163.0914424
ZAF,NLD,57.2848963
ZAF,NZL,4.838
ZAF,NZL,36.52257919
ZAF,NGA,1.338
ZAF,NOR,2.287
ZAF,PAK,0.745
ZAF,POL,481.678
ZAF,POL,8.675
ZAF,ROU,77.279
ZAF,RUS,525.364
ZAF,RUS,77.672
ZAF,SYC,167.52
ZAF,IND,35379.57449
ZAF,IND,2688.23428
ZAF,SGP,10334.857
ZAF,SGP,17.331
ZAF,ZAF,782.415
ZAF,ZWE,3.4087546
ZAF,ESP,78.863
ZAF,SWZ,1.657
ZAF,SWZ,17.467
ZAF,SWE,1811.25125
ZAF,CHE,91612.6475
ZAF,CHE,337.0650798
ZAF,THA,5716.56782
ZAF,THA,232.7905
ZAF,ARE,289060.6603
ZAF,ARE,4750.974
ZAF,TUR,4.82327453
ZAF,GBR,9523.61832
ZAF,GBR,553.4189507
ZAF,TZA,0.12
ZAF,USA,8124.10428
ZAF,USA,681.551
ZAF,ZMB,24.0975
ZWE,BEL,21760.723
ZWE,CHN,1057.649
ZWE,CHN,514.957
ZWE,HRV,0.022
ZWE,ISR,13575.331
ZWE,MOZ,16.2
ZWE,NAM,0.125
ZWE,NZL,0.047
ZWE,IND,9904.049
ZWE,IND,182.209
ZWE,ZAF,59.187
ZWE,THA,3.385
ZWE,ARE,151289.2771
ZWE,TUR,1.162
ZWE,GBR,18564.287
ZWE,USA,18.74
ESP,DZA,6.236
ESP,AND,2062.055
ESP,AND,16.378
ESP,AND,44.296
ESP,ARG,0.499
ESP,AUS,10.547
ESP,AUT,0.049
ESP,BEL,10199.303
ESP,BRA,16.33031327
ESP,CAN,33.4622332
ESP,CAN,36.517
ESP,CHL,45.0175
ESP,CHL,3.37769574
ESP,CHL,0.001
ESP,CHN,507.33
ESP,CHN,16.27868233
ESP,COL,12.592688
ESP,COL,0.178
ESP,CRI,1.994
ESP,HRV,3.715
ESP,CUB,106.59
ESP,CYP,0.408
ESP,CZE,3.306
ESP,DNK,33.71
ESP,DNK,0.268
ESP,ECU,22.127
ESP,ETH,0.019
ESP,FRA,10.023
ESP,FRA,0.12901059
ESP,FRA,24.9897401
ESP,DEU,0.6075
ESP,DEU,7.658
ESP,GRC,91.146
ESP,GTM,1.819
ESP,HKG,779.3915
ESP,HKG,144.328
ESP,HKG,2489.371693
ESP,HUN,0.631
ESP,IDN,16.686
ESP,IRL,1.659
ESP,ISR,2910
ESP,ITA,831.8837211
ESP,ITA,60.092
ESP,ITA,542.5915109
ESP,JPN,4.101
ESP,KOR,0.178
ESP,LBN,0.605
ESP,LTU,0.156
ESP,MYS,1.509
ESP,MEX,82.64294513
ESP,MEX,0.282
ESP,MAR,3.25995162
ESP,NLD,14.059
ESP,NLD,31.44
ESP,NLD,6.152
ESP,NOR,5.681
ESP,PER,2.49159014
ESP,POL,3.877
ESP,PRT,24.7787876
ESP,PRT,11.532
ESP,PRT,29.34593496
ESP,QAT,145.092
ESP,ROU,0.847
ESP,RUS,13.893
ESP,SAU,8.146
ESP,SRB,0.481
ESP,IND,2574.5475
ESP,IND,13.906207
ESP,IND,221.617461
ESP,SGP,0.31
ESP,VNM,0.055
ESP,SVN,0.12
ESP,ZAF,0.698
ESP,CHE,52.186
ESP,CHE,82.44719679
ESP,CHE,106.1923319
ESP,THA,23.94384215
ESP,ARE,9.969
ESP,TUR,0.88155342
ESP,EGY,13.165
ESP,GBR,261.841
ESP,GBR,1.394
ESP,GBR,0.254
ESP,USA,3104.056197
ESP,USA,0.233
ESP,USA,155.1835
ESP,URY,0.909
ESP,VEN,0.005
SWZ,BHR,12.407
SWZ,KOR,0.477
SWZ,THA,2.201
SWE,AUT,10.839
SWE,BEL,0.776
SWE,BRA,1.45
SWE,CAN,0.92
SWE,CAN,7.601
SWE,CHN,35.712
SWE,DNK,2.195
SWE,FIN,16.95261593
SWE,DEU,0.474
SWE,DEU,175.568
SWE,GRL,0.01
SWE,HKG,40.2835
SWE,ISL,0.4975
SWE,ISL,0.11
SWE,IRL,207.92574
SWE,IRL,70.0545678
SWE,JPN,2.471
SWE,KOR,1.737
SWE,NLD,4.752
SWE,NLD,3.803
SWE,NOR,0.871
SWE,NOR,19.2254661
SWE,NOR,5.15013572
SWE,POL,3.975
SWE,IND,1.557
SWE,ZAF,195.717477
SWE,THA,0.981
SWE,GBR,12.44
SWE,GBR,8.791
SWE,USA,8.895
CHE,ARG,3.7585
CHE,AUS,1855.12865
CHE,AUS,53.179542
CHE,AUT,1801.17371
CHE,AUT,1792.259425
CHE,BHR,47.398
CHE,ARM,6460.276
CHE,BEL,403788.3246
CHE,BEL,1692.500932
CHE,BWA,6720.43
CHE,BRA,4.39655609
CHE,BGR,1.332
CHE,CAN,28.263
CHE,CAN,34.0245
CHE,LKA,10111.7295
CHE,LKA,696.311501
CHE,CHN,1133.663207
CHE,CHN,16.005
CHE,CHN,766.372298
CHE,COL,3.097
CHE,CZE,1394.28841
CHE,CZE,68.7930335
CHE,DNK,1002.891886
CHE,DNK,116.429939
CHE,FIN,0.037
CHE,FIN,9.23176568
CHE,FRA,122475.4137
CHE,FRA,1581.376921
CHE,FRA,43145.79174
CHE,DEU,28955.19682
CHE,DEU,1066.09071
CHE,DEU,11851.51056
CHE,GRC,29.94
CHE,GRC,70.236
CHE,GTM,0.014
CHE,HKG,266280.9285
CHE,HKG,10679.39479
CHE,HKG,124680.232
CHE,HUN,43.9335312
CHE,ISL,1.103
CHE,IRN,4.673
CHE,IRL,4.96952766
CHE,ISR,874900.4645
CHE,ISR,3.9375
CHE,ISR,17426.1375
CHE,ITA,77797.2436
CHE,ITA,3143.03925
CHE,ITA,57506.54708
CHE,JPN,25700.51517
CHE,JPN,370.737
CHE,JPN,1195.060028
CHE,KEN,0.021
CHE,KOR,2864.60557
CHE,KOR,58.10648539
CHE,LBN,21286.781
CHE,LBN,4561.208
CHE,LUX,41.1605951
CHE,MDG,6.135
CHE,MYS,58.14934152
CHE,MYS,14.129
CHE,MUS,392.0144862
CHE,MUS,154.886052
CHE,MEX,43.4220299
CHE,MEX,1.02
CHE,MEX,34.4894319
CHE,MAR,146.518
CHE,MAR,2.284
CHE,NLD,604.2022128
CHE,NLD,349.6054808
CHE,NZL,1.875
CHE,NGA,0.417
CHE,NOR,0.342
CHE,NOR,2.44900025
CHE,PAN,538.434
CHE,PHL,0.447
CHE,POL,5.35271169
CHE,POL,5.88011344
CHE,PRT,2792.142342
CHE,PRT,662.312398
CHE,QAT,846.654
CHE,QAT,0.93288292
CHE,QAT,972.509
CHE,RUS,4.173
CHE,RUS,176.945035
CHE,SRB,0.211
CHE,IND,106181.2251
CHE,IND,731.7448444
CHE,SGP,25033.96825
CHE,SGP,695.5715
CHE,SGP,9046.185
CHE,SVK,0.887
CHE,VNM,44.126
CHE,ZAF,1.69280519
CHE,ESP,111.9341797
CHE,ESP,5.29104622
CHE,ESP,56.91680004
CHE,SWE,15.3709836
CHE,SWE,104.784874
CHE,THA,7852.382433
CHE,THA,17494.31086
CHE,ARE,481910.656
CHE,ARE,829.666365
CHE,ARE,3087.17282
CHE,TUN,4.04101818
CHE,TUR,15.6169145
CHE,TUR,13.054
CHE,GBR,411779.929
CHE,GBR,1837.720279
CHE,GBR,77615.95619
CHE,USA,499245.3147
CHE,USA,6803.0665
CHE,USA,200340.521
SYR,MAR,0.135
TJK,CHN,2.64
TJK,FRA,536.877
TJK,DEU,172.861
THA,ATG,0.116
THA,AUS,1088.685
THA,AUS,204.145269
THA,AUS,3091.363911
THA,AUT,17719.43409
THA,BHR,38.8749986
THA,BGD,9.57
THA,ARM,224.75
THA,ARM,166.138902
THA,BRB,1.841
THA,BEL,353843.9846
THA,BEL,2.001
THA,BEL,3200.357321
THA,BMU,0.1
THA,BTN,2.483
THA,BOL,2.471
THA,BIH,0.34
THA,BIH,0.014
THA,BRA,4756.351646
THA,BRN,0.07
THA,BGR,11.6419196
THA,MMR,6.833
THA,KHM,159.62
THA,CAN,2075.9385
THA,CAN,3920.71
THA,LKA,345.831
THA,LKA,2832.08593
THA,CHL,1.107
THA,CHL,5.31960687
THA,CHN,19801.0188
THA,CHN,5685.304
THA,CHN,1156925.243
THA,COL,13.251
THA,CRI,0.113
THA,HRV,3.97612828
THA,CYP,4.076
THA,CYP,0.629
THA,CYP,16.712
THA,CZE,0.813
THA,CZE,2.842
THA,CZE,499.4531239
THA,BEN,13.363
THA,DNK,20.074
THA,DNK,0.683
THA,DNK,193.7020744
THA,DMA,3.053
THA,DOM,1.113
THA,ECU,0.452
THA,ECU,0.645
THA,EST,1.118
THA,EST,23.066
THA,FIN,19.392
THA,FIN,75.204
THA,FIN,183.223188
THA,FRA,165.326
THA,FRA,39.7040194
THA,FRA,19784.3759
THA,PYF,27.485
THA,DEU,365.0655
THA,DEU,123.910794
THA,DEU,17017.28842
THA,GHA,0.146
THA,GRC,1.505
THA,GRC,190.029988
THA,HKG,621445.2898
THA,HKG,5775.874
THA,HKG,146254.2609
THA,HUN,4.677
THA,HUN,32.88840709
THA,ISL,4.60875703
THA,IDN,69.084
THA,IDN,47.25497155
THA,IDN,687.2570439
THA,IRN,107.903
THA,IRL,151.6595861
THA,ISR,103050.1863
THA,ISR,146.7585
THA,ITA,3128.95
THA,ITA,84.8887257
THA,ITA,39027.26224
THA,JAM,2.399
THA,JPN,61480.0375
THA,JPN,1193.457381
THA,JPN,25087.32144
THA,KAZ,0.464
THA,JOR,32.417
THA,JOR,77.67722332
THA,KOR,32.49
THA,KOR,2432.302917
THA,KWT,88.8235
THA,KWT,18.983
THA,LBN,2005.508
THA,LVA,277.0425284
THA,LTU,0.067
THA,LUX,4.889
THA,MAC,1220.767
THA,MDG,59.333
THA,MYS,687.017
THA,MYS,52.083
THA,MYS,703.870288
THA,MDV,2.595
THA,MLT,25.6845
THA,MUS,140.254
THA,MUS,2.082
THA,MUS,344.3125
THA,MEX,878.322
THA,MNG,15.152
THA,MAR,82.3465
THA,OMN,17.533
THA,NAM,2.941
THA,NPL,23.513
THA,NLD,171.6825
THA,NLD,0.3155
THA,NLD,288.508303
THA,NCL,2.0555
THA,NZL,145.197
THA,NZL,0.013
THA,NZL,777.2120455
THA,NGA,3.979
THA,NOR,33.138
THA,NOR,47.4771572
THA,PAK,14.8268041
THA,PER,4.47914675
THA,PHL,234.9463561
THA,POL,26.718
THA,POL,3.256
THA,POL,207.0447417
THA,PRT,4.191
THA,PRT,11.28330302
THA,QAT,2690.995
THA,QAT,14.46469314
THA,RUS,11.256
THA,RUS,1107.238831
THA,SAU,522.117
THA,SRB,32.0335
THA,IND,530.262
THA,IND,70.7593918
THA,IND,53047.77656
THA,SGP,2874.0365
THA,SGP,57.719
THA,SGP,5532.175186
THA,SVK,12.7385
THA,VNM,2008.926
THA,VNM,15.083
THA,VNM,1400.7505
THA,SVN,140.2355
THA,ZAF,4.324
THA,ZAF,337.4262493
THA,ZWE,24.563
THA,ESP,44.2765
THA,ESP,3.027
THA,ESP,1779.818732
THA,SWE,64.622
THA,SWE,155.7520224
THA,CHE,12457.697
THA,CHE,51.248181
THA,CHE,50919.30557
THA,THA,415.171
THA,THA,75257.637
THA,TTO,1.573
THA,ARE,78108.14573
THA,ARE,109.964841
THA,ARE,26881.81212
THA,TUN,22.164
THA,TUR,120.244
THA,TUR,3.04
THA,TUR,1518.35786
THA,UGA,6.226
THA,UKR,417.9452707
THA,EGY,7.383
THA,GBR,4231.36
THA,GBR,7.31213263
THA,GBR,21918.1354
THA,TZA,218.526
THA,USA,92.309
THA,USA,193.392
THA,USA,121028.4913
THA,URY,0.741
THA,URY,10.989
THA,ZMB,0.284
ARE,AUS,11466.2501
ARE,AUS,454.624
ARE,AUS,49.939
ARE,AUT,17.611
ARE,BHR,1509.39627
ARE,BHR,75.5505079
ARE,BHR,425.3863871
ARE,BGD,0.051
ARE,ARM,19608.19826
ARE,ARM,1097.49063
ARE,BEL,3425374.371
ARE,BEL,32.962
ARE,BWA,1028.540431
ARE,BRA,130.6845
ARE,CAN,243.447
ARE,CAN,3.6435
ARE,LKA,2301.113
ARE,LKA,2.116
ARE,LKA,170.9175
ARE,CHN,2285.331
ARE,CHN,32.181
ARE,CYP,0.146
ARE,CZE,35.967
ARE,CZE,4.731
ARE,DNK,0.284
ARE,EST,431.808
ARE,FIN,95.929733
ARE,FRA,1185.80739
ARE,FRA,186.278
ARE,FRA,340.5421215
ARE,DEU,7803.19044
ARE,DEU,6.134
ARE,DEU,1702.11889
ARE,HND,700.165
ARE,HKG,1782223.909
ARE,HKG,33686.71
ARE,HKG,108282.677
ARE,HUN,0.87
ARE,ISL,539.815
ARE,ISL,0.041
ARE,IDN,60.967
ARE,IDN,2.546
ARE,IRN,380.053
ARE,IRN,74.69
ARE,ITA,6722.63322
ARE,ITA,367.037
ARE,CIV,0.693
ARE,JPN,13977.366
ARE,JPN,804.953
ARE,JOR,70.4353937
ARE,KOR,19.48
ARE,KOR,0.107
ARE,KWT,466.453
ARE,LBN,125352.016
ARE,LBN,328.854
ARE,LVA,1556.3675
ARE,MYS,840.554
ARE,MDV,0.342
ARE,MUS,3.793
ARE,MEX,10.499
ARE,MAR,152.860974
ARE,OMN,817.530217
ARE,OMN,1.04
ARE,OMN,1044.18
ARE,NLD,305868.649
ARE,NLD,599.251
ARE,POL,0.347
ARE,QAT,12004.947
ARE,QAT,13.339
ARE,QAT,12.876
ARE,RUS,35839.569
ARE,RUS,40.625
ARE,SAU,848.801
ARE,SAU,39.4154647
ARE,SEN,0.637
ARE,IND,3803470.21
ARE,IND,104247.5389
ARE,IND,137052.663
ARE,SGP,67177.816
ARE,SGP,6966.8485
ARE,ZAF,32138.6102
ARE,ZWE,1310.30721
ARE,ESP,133.8205
ARE,ESP,0.049
ARE,SWE,136.7075
ARE,CHE,454104.161
ARE,CHE,786.478
ARE,CHE,1135.003009
ARE,THA,22414.76218
ARE,THA,100.062934
ARE,THA,15765.9935
ARE,TUR,15776.749
ARE,TUR,67.29651306
ARE,UKR,1386.44808
ARE,EGY,393.756
ARE,GBR,9424.346952
ARE,GBR,531.9418572
ARE,USA,101987.674
ARE,USA,945.018
ARE,USA,16600.851
TUN,BRA,5.994
TUN,CHE,0.302
TUR,ALB,2.152
TUR,AUT,9.45932697
TUR,BGD,0.147
TUR,ARM,7.052
TUR,BEL,344.072
TUR,BGR,175.3705
TUR,BGR,35.056
TUR,CHN,359.837
TUR,CHN,63.2772215
TUR,CZE,0.117
TUR,CZE,1.59204777
TUR,DNK,108.103
TUR,ECU,0.182
TUR,EST,0.901
TUR,FIN,4.948
TUR,FIN,0.038
TUR,FRA,2.33
TUR,GEO,6.93498938
TUR,DEU,2.439
TUR,DEU,20.43020646
TUR,GRC,8.091
TUR,HKG,1907.1715
TUR,HKG,226.948
TUR,ISR,1395
TUR,ITA,57.9442758
TUR,KWT,42.547
TUR,KWT,1.324
TUR,LBN,1.014
TUR,LVA,683.595
TUR,LVA,68.792
TUR,LTU,0.805
TUR,MLT,0.775
TUR,MUS,0.572
TUR,MEX,0.029
TUR,MEX,0.577
TUR,MNG,0.425
TUR,MDA,0.3325
TUR,MAR,32.703
TUR,OMN,2.999
TUR,NLD,0.349
TUR,NLD,0.191
TUR,NZL,0.182
TUR,NOR,33.939
TUR,NOR,1.045
TUR,POL,0.849
TUR,QAT,51.713
TUR,QAT,0.204
TUR,ROU,2.113
TUR,ROU,2.789
TUR,RUS,1.613
TUR,SAU,0.421
TUR,SEN,1.521
TUR,SRB,0.533
TUR,SRB,4.48728446
TUR,IND,124.255
TUR,IND,356.9072494
TUR,SGP,8.132
TUR,ESP,0.565
TUR,ESP,1.07033188
TUR,SWE,1.294
TUR,CHE,1.079
TUR,THA,1.61198619
TUR,ARE,6003.9103
TUR,ARE,60.154
TUR,UKR,5.452
TUR,UKR,1.493
TUR,MKD,0.886
TUR,GBR,97.109
TUR,GBR,14.809
TUR,USA,187.744
TUR,USA,1019.779
UGA,IND,33.307
UKR,AUS,1.515
UKR,ARM,3.22174893
UKR,BEL,3.26501513
UKR,CHN,0.697
UKR,CHN,9.453
UKR,CZE,0.187
UKR,FRA,170.248
UKR,DEU,3.51094963
UKR,DEU,493.263
UKR,HUN,7.66053211
UKR,IRL,238.003433
UKR,JPN,6.734
UKR,POL,11.394
UKR,POL,11.382
UKR,RUS,9.50691498
UKR,IND,13
UKR,CHE,187.455
UKR,THA,34.511
UKR,ARE,628.751
UKR,MKD,35.284
UKR,GBR,36.8584505
UKR,USA,4
EGY,CZE,0.117
EGY,JPN,12.183
EGY,JOR,1.692
EGY,OMN,3.004
EGY,PER,0.056
EGY,IND,0.912
EGY,ZAF,0.406
EGY,THA,1.104
EGY,ARE,3.028
EGY,USA,3.24
GBR,AGO,11.729
GBR,ARG,10.79
GBR,AUS,469.8572204
GBR,AUS,423.546
GBR,AUS,286.603105
GBR,AUT,407.19923
GBR,AUT,39.646
GBR,AUT,110.4690636
GBR,BHS,1.041
GBR,BHS,0.128
GBR,BHR,19.402
GBR,BHR,9.889
GBR,BGD,15.763
GBR,BRB,3.655
GBR,BRB,0.03
GBR,BEL,684896.373
GBR,BEL,73.953
GBR,BEL,283.468
GBR,BWA,4105.73293
GBR,BRA,76.2391592
GBR,BRA,53.351
GBR,BGR,154.919
GBR,BGR,0.914
GBR,MMR,1.951
GBR,CAN,240.4624631
GBR,CAN,17.608
GBR,CAN,48.99963938
GBR,LKA,1.485
GBR,LKA,4.454
GBR,LKA,89.70185494
GBR,CHL,40.669
GBR,CHN,1028.33424
GBR,CHN,785.0482101
GBR,COL,8.761
GBR,HRV,10.696
GBR,HRV,5.836
GBR,CYP,36.9971093
GBR,CYP,135.421
GBR,CYP,1.91316582
GBR,CZE,191.4271556
GBR,CZE,22.43
GBR,CZE,4.44490655
GBR,DNK,43.90210877
GBR,DNK,0.319
GBR,DNK,9.47430322
GBR,EST,0.15
GBR,EST,0.616
GBR,FIN,3.09227272
GBR,FIN,0.024
GBR,FIN,4.79551382
GBR,FRA,96451.3779
GBR,FRA,83.00374918
GBR,FRA,9899.79885
GBR,DEU,5084.241727
GBR,DEU,156.4113889
GBR,DEU,10048.90618
GBR,GHA,248.811
GBR,GRC,20.9596491
GBR,GRC,28.919
GBR,GRC,12.2183019
GBR,HKG,169638.87
GBR,HKG,3585.0745
GBR,HKG,23816.309
GBR,HUN,7.364
GBR,HUN,4165.237
GBR,ISL,0.058
GBR,ISL,3.013
GBR,IDN,79.07967074
GBR,IDN,33.018
GBR,IRL,4345.796796
GBR,IRL,44.15738584
GBR,IRL,288.0302833
GBR,ISR,33201.59787
GBR,ISR,32
GBR,ITA,17434.0138
GBR,ITA,566.7016058
GBR,ITA,14458.86412
GBR,JPN,4884.068871
GBR,JPN,113.2351344
GBR,JPN,156.0611471
GBR,KAZ,1905.448
GBR,KOR,1279.990031
GBR,KOR,878.3527558
GBR,KWT,1.578
GBR,KWT,0.717
GBR,LBN,251.429
GBR,LVA,0.0135
GBR,LVA,7.33079365
GBR,LTU,0.135
GBR,LTU,2.478
GBR,LUX,72.6869112
GBR,LUX,0.2805
GBR,MWI,0.866
GBR,MYS,83.6054557
GBR,MYS,15.7872483
GBR,MLT,256.5
GBR,MLT,25.10500395
GBR,MLT,36.54322923
GBR,MUS,13.988
GBR,MEX,29.5138047
GBR,MEX,6.533
GBR,MEX,1.521
GBR,NAM,383.853
GBR,NLD,658.9655411
GBR,NLD,4.504
GBR,NLD,219.4349899
GBR,NCL,3.987
GBR,NZL,3.96
GBR,NZL,0.99
GBR,NZL,11.673
GBR,NGA,4.135
GBR,NOR,61.60646041
GBR,NOR,31.645
GBR,NOR,22.14421595
GBR,PAK,53.371
GBR,PER,22.63
GBR,PHL,6.84161755
GBR,POL,529.890529
GBR,POL,41.32242371
GBR,PRT,110.2109601
GBR,PRT,2.84
GBR,PRT,0.888
GBR,QAT,117594.444
GBR,QAT,189.291
GBR,QAT,9.418
GBR,ROU,2.249
GBR,ROU,2.857
GBR,RUS,92.936
GBR,RUS,56.912
GBR,VCT,0.021
GBR,SAU,2.102
GBR,SRB,7.9006755
GBR,SYC,0.069
GBR,IND,7509.503787
GBR,IND,672.745539
GBR,IND,3862.255305
GBR,SGP,2302.74
GBR,SGP,4.9165
GBR,SGP,2956.774
GBR,SVK,1.504
GBR,SVK,0.098
GBR,VNM,2.694
GBR,SVN,26.2475991
GBR,SVN,0.287
GBR,ZAF,708.083138
GBR,ZAF,75.18683984
GBR,ESP,167.2924844
GBR,ESP,6.15005102
GBR,ESP,50.20505878
GBR,SWE,122.4611525
GBR,SWE,6.017
GBR,SWE,4.703
GBR,CHE,161459.8329
GBR,CHE,3126.00951
GBR,CHE,86089.82063
GBR,SYR,2.533
GBR,THA,10763.11188
GBR,THA,5.4495
GBR,THA,9550.339958
GBR,ARE,5693.93406
GBR,ARE,47.3371879
GBR,ARE,15.7070773
GBR,TUR,217.40001
GBR,UKR,37.048
GBR,EGY,36.675
GBR,EGY,1.724
GBR,GBR,22343.802
GBR,GBR,11441.847
GBR,USA,320601.9747
GBR,USA,6240.985
GBR,USA,38618.46183
GBR,URY,0.058
TZA,ARG,0.092
TZA,AUS,9.37
TZA,AUS,31.334
TZA,AUT,67.869
TZA,BEL,53858.708
TZA,BEL,0.108
TZA,CAN,6.8625
TZA,LKA,15.31934958
TZA,CHN,4030.666149
TZA,CZE,45.8566951
TZA,FIN,0.057
TZA,FRA,22.139
TZA,FRA,8050.78999
TZA,DEU,916.1384019
TZA,HKG,6289.579
TZA,IDN,0.053
TZA,IRL,1.487
TZA,ISR,114
TZA,ITA,355.9075646
TZA,JPN,139.1131496
TZA,KEN,0.001
TZA,KOR,85.5063294
TZA,LBN,2.408
TZA,LVA,4.70081956
TZA,MDG,0.096
TZA,MYS,1.705
TZA,MUS,13432.863
TZA,MEX,1.834
TZA,OMN,1.168
TZA,NLD,1.276
TZA,NZL,49.063
TZA,PAK,9.307
TZA,PER,6.851
TZA,POL,0.251
TZA,RWA,1.625
TZA,IND,1259.588
TZA,IND,8561.97161
TZA,SGP,0.128
TZA,SVK,0.051
TZA,SVN,0.283
TZA,ZAF,34.847
TZA,ZWE,0.128
TZA,ESP,1.429
TZA,CHE,1132.284111
TZA,THA,4736.90527
TZA,ARE,4087.81072
TZA,ARE,2588.659387
TZA,TUR,0.142
TZA,UKR,294.655
TZA,GBR,25.839
TZA,GBR,108.3192456
TZA,USA,21298.105
USA,AGO,0.773
USA,AGO,0.006
USA,ATG,70.722
USA,ARG,10.187
USA,AUS,25766.8045
USA,AUS,862.563943
USA,AUS,3010.746693
USA,AUT,2847.296
USA,AUT,447.9866783
USA,BHS,1.712
USA,BHS,357.3425
USA,BHR,536.916
USA,BHR,0.011
USA,BHR,43.244
USA,BGD,0.103
USA,BGD,110.831
USA,ARM,3659.763
USA,ARM,22.64816967
USA,BRB,326.654
USA,BRB,4.473
USA,BRB,4.389
USA,BEL,102268.4015
USA,BEL,3.027
USA,BEL,9423.8715
USA,BMU,52.34
USA,BMU,0.279
USA,BOL,844.567
USA,BOL,41.114
USA,BOL,1090.474
USA,BWA,22223.994
USA,BWA,3.006
USA,BRA,1675.4785
USA,BRA,16.94551156
USA,BRA,592.8207375
USA,BLZ,75.9165
USA,BGR,798.2625
USA,BGR,796.706
USA,CAN,2461.027
USA,CAN,1133.09
USA,CAN,4732.981618
USA,CPV,0.002
USA,LKA,6.239
USA,LKA,886.6445764
USA,CHL,128.6385
USA,CHL,64.738
USA,CHL,14.52800283
USA,CHN,31108.2035
USA,CHN,184.93
USA,CHN,16082.36417
USA,COL,551.6055
USA,COL,74.998787
USA,CRI,1511.982
USA,CRI,50.38872449
USA,CRI,265.620045
USA,HRV,0.05
USA,CYP,25.59
USA,CYP,4.036
USA,CYP,83.937
USA,CZE,877.554
USA,CZE,0.063
USA,CZE,235.6008424
USA,DNK,1072.048
USA,DNK,0.474
USA,DNK,780.928
USA,DOM,751.079
USA,ECU,155.817
USA,ECU,12.424
USA,ECU,45.0765
USA,SLV,233.393
USA,SLV,1.316
USA,SLV,62.21
USA,ETH,0.21
USA,ETH,0.26
USA,EST,1.572
USA,FJI,0.04
USA,FIN,105.193
USA,FIN,14.02
USA,FIN,17.593
USA,FRA,66380.802
USA,FRA,213.1486703
USA,FRA,29234.43509
USA,PYF,1.983
USA,PYF,3.192
USA,DEU,14445.444
USA,DEU,418.721658
USA,DEU,14383.20777
USA,GRC,28.622
USA,GRC,0.891
USA,GTM,23.476
USA,GTM,0.654
USA,GTM,97.157
USA,HND,248.618
USA,HKG,2404922.392
USA,HKG,18834.744
USA,HKG,9824.947892
USA,HUN,3.988
USA,ISL,0.947
USA,ISL,1.728
USA,IDN,133.6195
USA,IDN,1.769
USA,IDN,306.9726914
USA,IRL,4720.497
USA,IRL,1.826
USA,IRL,17.03807249
USA,ISR,41814.6806
USA,ISR,2859.57036
USA,ITA,44710.4265
USA,ITA,76.0506158
USA,ITA,21558.65846
USA,JAM,1149.769
USA,JAM,100.615
USA,JAM,420.849
USA,JPN,16513.8795
USA,JPN,2841.6638
USA,JPN,6434.436596
USA,JOR,293.189
USA,JOR,4.076
USA,KOR,8766.44672
USA,KOR,20.0464969
USA,KOR,1117.163019
USA,KWT,1.306
USA,KWT,0.189
USA,KGZ,0.161
USA,LVA,5.2655
USA,LVA,2.592
USA,LTU,0.245
USA,LTU,6.59542914
USA,LUX,57.429
USA,MYS,972.707
USA,MYS,13.765
USA,MYS,30148.93038
USA,MLT,4.293
USA,MLT,3.6965
USA,MUS,1586.8415
USA,MUS,284.3457162
USA,MEX,35729.52
USA,MEX,80.5753067
USA,MEX,4196.596667
USA,MNG,1.026
USA,MAR,0.848
USA,MAR,0.014
USA,NAM,6549.2443
USA,NAM,38.9645
USA,NPL,9.487
USA,NLD,9418.5845
USA,NLD,33.004085
USA,NLD,451.0597219
USA,ABW,151.677
USA,NCL,5.274
USA,NZL,2406.4
USA,NZL,27.918
USA,NZL,290.9025963
USA,NIC,0.092
USA,NOR,130.451
USA,NOR,0.544
USA,NOR,68.83190208
USA,PAK,37.945
USA,PAK,6.182
USA,PAN,1051.05
USA,PAN,47.315
USA,PAN,10.32
USA,PRY,0.061
USA,PER,499.933
USA,PER,20.4081315
USA,PER,45.7276024
USA,PHL,131.148
USA,PHL,3.023
USA,POL,122.6525
USA,POL,9.066
USA,POL,285.121
USA,PRT,14.2205
USA,PRT,9.518
USA,QAT,50.32
USA,QAT,195.845
USA,QAT,34.0125
USA,ROU,7.102
USA,RUS,117.745
USA,RUS,14.7982888
USA,VCT,0.004
USA,SAU,85.3415
USA,IND,7775.11515
USA,IND,89.4699813
USA,IND,31588.05774
USA,SGP,63191.31053
USA,SGP,409.558
USA,SGP,4941.19978
USA,SVK,40.9405
USA,SVK,2.766
USA,SVK,11.66736263
USA,VNM,30920.6735
USA,VNM,272.8195
USA,SVN,105.499
USA,SVN,0.715
USA,ZAF,8233.79
USA,ZAF,10.807
USA,ZAF,248.890905
USA,ESP,669.401
USA,ESP,1.352
USA,ESP,187.8679061
USA,SWE,13.873
USA,SWE,3.438
USA,SWE,220.2063489
USA,CHE,425869.6465
USA,CHE,6650.097968
USA,CHE,248312.6437
USA,THA,71406.58
USA,THA,634.914925
USA,THA,26316.30781
USA,TTO,12.329
USA,TTO,5.821
USA,ARE,501044.835
USA,ARE,825.048325
USA,ARE,11154.4496
USA,TUN,15.37
USA,TUN,1.168
USA,TUN,5.765
USA,TUR,1854.381
USA,TUR,1.57
USA,TUR,120.496
USA,UKR,11.486
USA,UKR,6.128
USA,EGY,69.064
USA,GBR,350571.082
USA,GBR,2655.801059
USA,GBR,111146.387
USA,TZA,0.072
USA,URY,29.6774834
USA,URY,33.81538435
USA,VEN,17.828
URY,AUS,8.36736291
URY,AUT,83.5670783
URY,BRA,2207.99648
URY,CAN,24.621
URY,CHL,11.57841213
URY,CHN,8313.43715
URY,COL,7.67612183
URY,CZE,13.446
URY,FRA,66.388132
URY,DEU,296.164196
URY,GTM,4.325
URY,HKG,31.328
URY,IRN,1.955
URY,ITA,105.4298046
URY,JPN,32.4981589
URY,KOR,0.988
URY,MUS,11.96
URY,MEX,29.28522218
URY,MNG,0.042
URY,NLD,0.191
URY,NOR,8.729
URY,PAN,10.104
URY,PER,2.552
URY,POL,21.512
URY,IND,0.70859655
URY,ZAF,12.954
URY,ESP,9.9027624
URY,CHE,54.735
URY,THA,6.89728715
URY,TUR,56.7370456
URY,UKR,5.184
URY,GBR,11.188
URY,USA,2678.349
URY,URY,1.7
VEN,PRT,0.519
VEN,ESP,0.089
YEM,BHR,16.09
YEM,CHN,601.568
YEM,KOR,3.6
YEM,OMN,1.163
YEM,SAU,1.331
YEM,ARE,0.1
YEM,EGY,1.4
ZMB,AUS,11.848
ZMB,AUS,20.788
ZMB,AUT,0.622
ZMB,BEL,2650.934
ZMB,CHN,236.059061
ZMB,FRA,3195.392
ZMB,DEU,2279.07
ZMB,GRC,3.273
ZMB,HKG,6721.403
ZMB,ISR,40
ZMB,ITA,100.566
ZMB,ITA,1998.84
ZMB,JPN,37.909
ZMB,KOR,15.0403153
ZMB,NZL,23.161
ZMB,ROU,65.107
ZMB,IND,19590.92697
ZMB,SGP,5.059
ZMB,ZAF,259.6732412
ZMB,CHE,1.831
ZMB,THA,7390.696
ZMB,ARE,8387.0653
ZMB,GBR,11924.867
ZMB,GBR,298.007
